,date,latitude,longitude,normB2,normB3,normB4,normB5,normB6,OWTs,B2,B3,B4,B5,B6
0,2017-08-11,-2.06404,-55.4821,0.1466003025616886,0.24364320543541554,0.27615112399936126,0.24756871499226976,0.0860366530112649,OWT 7,0.009979337820241156,0.01658521716640598,0.018798087777951913,0.016852433436085567,0.00585666475661598
1,2017-08-09,-2.27067,-55.4513,0.15779347523354245,0.2909365529985709,0.19501542469553515,0.27456589552886135,0.08168865154349007,OWT 3,0.00785394224400221,0.014480946569799213,0.009706610998847636,0.013666120747165257,0.004065934603844834
2,2017-08-09,-2.26135,-55.3773,0.15957632222984186,0.2848653975767305,0.24432906001053917,0.2368793283048602,0.07434989187802823,OWT 3,0.007792348584495143,0.013910400030284507,0.011930950521481014,0.011567169068816602,0.003630615536424338
3,2017-08-09,-2.26258,-55.1334,0.16592161446658202,0.27919037254681184,0.2252683451945734,0.2382622445878835,0.09135742320414912,OWT 3,0.007638960729799575,0.012853806292083526,0.010371259031805453,0.010969492646585366,0.004206057001529078
4,2017-08-08,-2.26258,-55.1334,0.18148434066659005,0.2882917240765065,0.22602430933756,0.22221071946217572,0.08198890645716772,OWT 2,0.007254534771725243,0.011523982339368034,0.009034945964604474,0.00888250405003235,0.003277370216100128
5,2017-08-08,-2.26258,-55.1334,0.17003090536651716,0.27626880339440124,0.24482370759823477,0.22817663609316327,0.08069994754768359,OWT 3,0.008967384074015579,0.014570342152598753,0.012911936284320847,0.012033974224589478,0.004256093460498014
6,2017-08-12,-2.13744,-55.4869,0.14586485851059935,0.2594649145613166,0.24863990615901496,0.2560501282763016,0.08998019249276767,OWT 3,0.009901125127872784,0.01761215560482472,0.016877367501673235,0.01738036416007162,0.006107743523682463
7,2017-08-12,-2.11493,-55.4322,0.14790195536909367,0.2578767562665632,0.2433838772222277,0.2565404876566514,0.09429692348546385,OWT 3,0.010949983467665772,0.019092014103311895,0.01801902770811299,0.01899308289479352,0.006981312387931689
8,2017-08-12,-2.17683,-55.3695,0.16962338105334138,0.281701396988372,0.2323803106251952,0.2357495368732579,0.08054537445983355,OWT 3,0.008373628160225894,0.013906471713678526,0.011471686867987024,0.011638012097526447,0.003976203112828564
9,2017-08-11,-2.0815,-55.5255,0.1501214696256824,0.23885334172474523,0.26761193453316834,0.2486481168798105,0.0947651372365935,OWT 7,0.012399833226227322,0.019728967550736245,0.022104388971367076,0.02053800291865557,0.007827473980399109
10,2017-08-10,-2.05366,-55.6376,0.14563892237104248,0.2240818242624308,0.27454945022366417,0.24996248041693986,0.10576732272592272,OWT 7,0.010399289987962594,0.01600047455445897,0.019604095542794756,0.017848472631125607,0.007552274092464665
11,2017-08-11,-2.13781,-55.5489,0.14677544469967657,0.25774090913202213,0.22969918124318683,0.26611323752709437,0.09967122739802017,OWT 3,0.011154612487705549,0.019587744867537577,0.01745663493477147,0.020224023497508237,0.007574795089694899
12,2017-08-10,-2.10491,-55.6994,0.14033727732259807,0.22772846184077056,0.2779619752746484,0.2533885904120136,0.1005836951499693,OWT 7,0.013189839894489902,0.021403450376149918,0.02612473336076618,0.02381516160486863,0.009453531237994483
13,2017-08-11,-2.1844,-55.6303,0.15182725668561417,0.2619133078904726,0.2467493198648248,0.2510117796846564,0.08849833587443212,OWT 3,0.01066527713729612,0.01839839614820975,0.017333184681371083,0.01763260598593451,0.006216665563843819
14,2017-08-09,-2.23914,-55.4971,0.15732902889825498,0.27985496386702235,0.19928625276680828,0.2680874436151998,0.0954423108527146,OWT 3,0.00854506466768815,0.015199857143742663,0.010823901534248339,0.01456072384307771,0.005183790454827415
15,2017-08-08,-2.26258,-55.1334,0.053683974253786876,0.12530106357653079,0.06140365931986126,0.17991846079932347,0.5796928420504978,OWT 5,0.007823684906499543,0.01826086934692418,0.008948720531635208,0.02622058753515259,0.08448208616813387
16,2017-08-15,-2.30727,-54.4228,0.12708698450540207,0.21887198645403363,0.2915358574630018,0.2603586580001053,0.10214651357745722,OWT 7,0.011355323650167694,0.019556386940906813,0.02604896189806773,0.02326325420514521,0.009126872637055698
17,2017-08-15,-2.22649,-54.3651,0.13012321829110216,0.23020253555477335,0.28048738087801794,0.2614650141303342,0.09772185114577246,OWT 7,0.010469382931042574,0.018521510058475604,0.022567300719290296,0.021036809509868297,0.00786245140422716
18,2017-08-15,-2.22416,-54.2795,0.13676371301695767,0.24926323119711988,0.25569439653557313,0.2612609237642033,0.097017735486146,OWT 7,0.00964658418543754,0.01758170124979755,0.018035321413211545,0.01842795460769679,0.0068431145382223954
19,2017-08-15,-2.17863,-54.2197,0.14934168947845938,0.26352080688979995,0.2360589870275387,0.25541159898822563,0.09566691761597633,OWT 3,0.010558977625097188,0.018631838928662287,0.016690192610861052,0.018058489684462564,0.006763984297330522
20,2017-08-14,-2.30276,-54.1422,0.13348332483192762,0.21872361431963916,0.274168033391255,0.26022015372733565,0.11340487372984259,OWT 8,0.013763632275917042,0.022552864946580632,0.028269808218816493,0.026831624932891856,0.011693318115050566
21,2017-08-13,-2.32504,-54.6564,0.13581489668685248,0.23087452388824828,0.29161579070475635,0.2514284542159213,0.09026633450422157,OWT 7,0.009972818776079015,0.016952998845626007,0.021413199169506514,0.018462263494014763,0.006628211025092025
22,2017-08-13,-2.28375,-54.6723,0.14804259569308528,0.23457801180029483,0.2855956856509956,0.23796194879210286,0.09382175806352154,OWT 7,0.010863138421278295,0.017212974420265984,0.020956573013475994,0.01746128252226052,0.006884496586946306
23,2017-08-20,-2.41709,-54.7271,0.24439736413827148,0.3714769554117447,0.19424352962098954,0.1361826814731878,0.05369946935580643,OWT 1,0.004151618654305881,0.006310340797536643,0.003299647129567527,0.002313357849790929,0.0009122018131822465
24,2017-08-17,-2.81311,-55.1691,0.2379570857078051,0.38645965104197194,0.1931698868045396,0.13641671844935585,0.04599665799632755,OWT 1,0.006902536399150339,0.011210222213747059,0.005603372435504452,0.003957105802285579,0.0013342473291540506
25,2017-08-19,-2.41271,-54.8226,0.25213255165889875,0.38735558597033604,0.18559653909017637,0.129843183875147,0.04507213940544197,OWT 1,0.0044551483211405256,0.006844521174143439,0.003279465916228544,0.0022943116184200377,0.0007964186491636586
26,2017-08-19,-2.46378,-54.9663,0.2436710496807272,0.39021430587820205,0.19039668438784735,0.1330932348621057,0.04262472519111766,OWT 1,0.004683194000234529,0.007499657010912515,0.003659296462004936,0.002557962629515104,0.0008192186045007893
27,2017-08-20,-2.29603,-54.8216,0.16616671247688478,0.28965930678447926,0.27196951451887125,0.20957927385348418,0.06262519236628043,OWT 2,0.00531872778543894,0.009271526049598565,0.008705304402439116,0.006708293679768785,0.002004531146714054
28,2016-07-18,-2.25108,-54.6867,0.1392419481978952,0.23611944987924496,0.2884878513841944,0.2515678440633802,0.08458290647528505,OWT 7,0.008179645319647485,0.013870628629366591,0.016946964143277874,0.014778130907377961,0.004968748168400049
29,2016-07-18,-2.21701,-54.6602,0.13379647667422873,0.2269767337515282,0.28902792551036316,0.2609062343365216,0.08929262972735837,OWT 7,0.008777755112031537,0.014890871826548288,0.018961757541984134,0.01711682616115872,0.005858067839592289
30,2016-07-15,-2.06426,-55.4821,0.1387473637999218,0.22551198488106128,0.27850127075239395,0.2531401082991574,0.10409927226746565,OWT 7,0.013136551920335818,0.021351395925042555,0.026368402994626037,0.02396721699582437,0.009856082721562366
31,2016-07-17,-2.27046,-55.4506,0.1477465521018296,0.25642463883269256,0.2408038375870633,0.25581849385764116,0.09920647762077338,OWT 3,0.012004570651452245,0.02083478531206999,0.019565577946363027,0.020785535362920503,0.008060635952164073
32,2016-07-17,-2.26456,-55.3784,0.14729770436755305,0.24702905865263688,0.24478696829867663,0.25771686713696096,0.10316940154417244,OWT 3,0.012313225686133812,0.020650182996966925,0.02046275737037245,0.021543621211246707,0.008624357932604628
33,2016-07-17,-2.25583,-55.3043,0.13841097626360893,0.2468807314490074,0.24304291936072348,0.26019257683514213,0.11147279609151806,OWT 3,0.01455975331344846,0.025969924096882036,0.025566216249591343,0.02737022622754367,0.011726067224334495
34,2016-07-14,-2.21266,-55.2786,0.14514633511005023,0.24134808671296784,0.24488563534808588,0.2573066650707325,0.1113132777581635,OWT 3,0.014749792583372426,0.024525829168962378,0.024885315397684734,0.02614754232158215,0.011311672164945693
35,2016-07-14,-2.21397,-55.2039,0.14713257234488908,0.24029623793707694,0.2837446474339607,0.2385247253143356,0.09030181696973778,OWT 7,0.014380718378077766,0.023486522868535354,0.02773316473030791,0.02331337545647804,0.008826087780389657
36,2016-07-14,-2.26109,-55.1612,0.15009684069348386,0.23472737183338716,0.25610405480910575,0.24549211098627943,0.11357962167774381,OWT 7,0.016321604766135873,0.025524370620711404,0.02784888171054283,0.026694933685545343,0.01235070429161839
37,2016-07-16,-2.06219,-55.6523,0.1277244183527874,0.21503904598988796,0.2847597262847227,0.2631391245851052,0.10933768478749674,OWT 7,0.012114385761841507,0.020395989980431396,0.027008846218591877,0.02495817875210287,0.01037044371706437
38,2016-07-16,-2.11722,-55.6173,0.13435129192846637,0.22453173043317215,0.2788884747666873,0.25753774764268705,0.10469075522898715,OWT 7,0.013825194333061452,0.02310506108739142,0.02869855068422765,0.026501489923556783,0.01077302655702299
39,2016-07-17,-2.25594,-55.5307,0.1497614645818494,0.25376823355729333,0.243277250488859,0.2505796865817583,0.1026133647902399,OWT 3,0.010547625163653708,0.017872769964412193,0.017133895265817038,0.017648202193199826,0.007227008039823124
40,2016-07-20,-2.30713,-54.4215,0.12481415712651517,0.213917206703633,0.2902580713442564,0.26493733158528665,0.10607323324030887,OWT 7,0.009009763399673729,0.015441705203082232,0.02095240321982522,0.019124614773505095,0.007656941780769872
41,2016-07-20,-2.22685,-54.3677,0.133381662398953,0.22562453927540438,0.29155793544275904,0.25556537489288994,0.09387048798999367,OWT 7,0.009303301012089241,0.015737193305588273,0.020336013115312333,0.01782555089007987,0.006547417315211647
42,2016-07-20,-2.22628,-54.2931,0.12538279708960254,0.21821828713948366,0.2912400901939131,0.26188594467198345,0.1032728809050172,OWT 7,0.009716884310343562,0.01691142564813248,0.02257045088032219,0.020295570731797944,0.008003415615563388
43,2016-07-20,-2.18779,-54.2159,0.13527353844743858,0.22755114286788392,0.27826791305904425,0.2556067554693582,0.10330065015627514,OWT 7,0.01123385994011769,0.01889710062685155,0.02310890065427531,0.021226993273384377,0.008578655137564823
44,2016-07-19,-2.22084,-54.1537,0.12596542484540804,0.22367792753915658,0.2892024842536009,0.2640401975818819,0.09711396577995257,OWT 7,0.010127273337680131,0.017983089522977353,0.02325108347442785,0.021228104905203,0.0078076954653763225
45,2016-07-18,-2.33151,-54.6625,0.14482602067636724,0.23800113541988982,0.2844828263409772,0.2487792670346531,0.08391075052811249,OWT 7,0.008880143240457942,0.014593262757961899,0.01744333121603495,0.015254134003036608,0.005145066339764198
46,2016-07-18,-2.29072,-54.6506,0.1376226887435602,0.2361076024161188,0.2867830868470901,0.2543903577587645,0.08509626423446627,OWT 7,0.009115956766170864,0.0156394756957567,0.01899615713684005,0.016850502807576852,0.0056366713425394085
47,2016-07-21,-2.31185,-54.9196,0.19762324632454195,0.3021605201122221,0.24439632238809966,0.19099883574130594,0.06482107543383013,OWT 2,0.009789499504988275,0.01496787608279592,0.012106458736692357,0.009461351550071422,0.003210988067821674
48,2016-07-21,-2.36849,-54.8717,0.2277801985395482,0.36514346216412347,0.22386983190291807,0.14601688899710805,0.03718961839630218,OWT 1,0.004733685934802469,0.00758834386006246,0.004652421418982306,0.0030344959663788106,0.000772867767488056
49,2016-07-22,-2.29214,-54.811,0.19848268550203596,0.29604183736732453,0.24313546704316952,0.19595871795109937,0.06638129213637066,OWT 2,0.009299849631652002,0.013870955873205646,0.011392042977974337,0.009181589851764862,0.0031102765143545892
50,2016-07-22,-2.35899,-54.7968,0.2443103994997053,0.374750989845433,0.21139915541200716,0.13521517408342998,0.03432428115942455,OWT 1,0.0037838806227252935,0.005804145102816091,0.0032741511186671845,0.0020942132555979683,0.0005316146289068554
51,2015-06-26,-2.07201,-55.4918,0.15984149730411312,0.24144097697716593,0.2827378659171353,0.2268687044200516,0.08911095538153396,OWT 7,0.009820458684140517,0.014833827129081621,0.017371055561363535,0.013938525201892446,0.005474863977053878
52,2015-06-28,-2.27389,-55.4549,0.16482055466121462,0.2692445402774349,0.2801829112408194,0.2179308447909919,0.06782114902953919,OWT 2,0.006188414063371218,0.010109156002803354,0.010519852161661198,0.008182512839609477,0.0025464381752087384
53,2015-06-28,-2.26383,-55.3812,0.13811126261784742,0.25345847078136463,0.3043931637964491,0.24071004997425582,0.06332705283008304,OWT 7,0.007315114481250139,0.013424522337026859,0.016122297329524294,0.012749297479245412,0.003354140947172618
54,2015-06-29,-2.21266,-55.2749,0.1353001098091743,0.23850462547009824,0.2981937224332721,0.24727664643419295,0.08072489585326252,OWT 7,0.010310946510289219,0.018175952991813422,0.022724737814699206,0.018844450889379676,0.006151880322681146
55,2015-06-29,-2.24525,-55.2397,0.1807597577227209,0.28249905426264676,0.26995233485222897,0.21101852479860816,0.05577032836379527,OWT 2,0.0064366247376742855,0.010059431501483935,0.009612658804113793,0.007514100892466116,0.001985910358019366
56,2015-06-29,-2.21078,-55.2003,0.14505442864108847,0.24072976130331739,0.29084453545715666,0.24062569705930376,0.0827455775391336,OWT 7,0.010921018483489274,0.01812432889742733,0.02189742552024177,0.018116493993364142,0.006229840689441028
57,2015-06-26,-2.08289,-55.5293,0.15169656307374874,0.23387485729039023,0.28884884018757634,0.2345002504594584,0.09107948898882641,OWT 7,0.013285514008556468,0.02048265056123951,0.02529724625864921,0.020537422202337743,0.007976699025573483
58,2015-06-27,-2.05091,-55.6483,0.15300733219340373,0.23088693571958166,0.28065280752441873,0.22800853989873204,0.10744438466386379,OWT 7,0.012011874860169918,0.01812583056612024,0.0220327114708298,0.017899861457957644,0.008434945466397269
59,2015-06-26,-2.14038,-55.554,0.13523524360456543,0.2360182011198428,0.30106591246270115,0.2444530965491789,0.0832275462637118,OWT 7,0.009451641486980179,0.01649539988192419,0.021041608627323426,0.01708491786150774,0.005816804171446801
60,2015-06-27,-2.10472,-55.7003,0.13727691134387673,0.22705655596449315,0.29717640346803975,0.24524276196213896,0.0932473672614515,OWT 7,0.011928322368704107,0.01972949251959542,0.025822375417954603,0.021309735880841875,0.008102488946165765
61,2015-06-27,-2.13834,-55.7205,0.14035533407183495,0.23813292891492083,0.3012887133897657,0.24122631844139467,0.0789967051820838,OWT 7,0.008379214113793254,0.01421653699247074,0.01798693762696646,0.014401212361961319,0.004716103676302749
62,2015-06-27,-2.11699,-55.6177,0.1428345530976263,0.23199039181044168,0.29020090751301153,0.24082287465081326,0.09415127292810717,OWT 7,0.011523209199277526,0.018715876229380698,0.02341202247335063,0.019428438738321136,0.0075956747915703286
63,2015-06-26,-2.18541,-55.6306,0.1446865405849637,0.2506365869145465,0.29791424199654504,0.23461316655460937,0.07214946394933526,OWT 7,0.008673949266944612,0.015025648070286784,0.017859940603534196,0.014065044998825512,0.004325355955043276
64,2015-07-01,-2.30678,-54.4213,0.16871279472893172,0.2751542865677389,0.28813961998908677,0.2054210881697305,0.06257221054451205,OWT 2,0.005655729041687537,0.009223948260630117,0.00965925328574757,0.0068862946405650926,0.002097597096579284
65,2015-07-01,-2.22586,-54.3676,0.1654854489751153,0.2642031456657575,0.2736414317143228,0.222071434844063,0.07459853880074159,OWT 2,0.0071702893228672345,0.011447610688236328,0.011856560490767736,0.009622093350428861,0.0032322667012547337
66,2015-07-01,-2.22602,-54.2937,0.1767514808483094,0.282497902778646,0.2762847330749196,0.20407081595422252,0.06039506734390238,OWT 2,0.00562376775926915,0.008988341088192336,0.008790654351453356,0.006492997229007839,0.001921612373018916
67,2015-07-02,-2.21095,-54.1537,0.13370406182586977,0.23388365586687704,0.29941449797173175,0.24775141419622224,0.0852463701392992,OWT 7,0.009539224075321174,0.016686617971076227,0.021361968728159587,0.017676024368454873,0.006081970998200472
68,2015-07-01,-2.25784,-54.2149,0.13333490663198572,0.23499254981446105,0.29737418016868017,0.24985814043782253,0.08444022294705043,OWT 7,0.010059349698116333,0.017728832567154747,0.02243516679217293,0.018850355642594914,0.006370527813513476
69,2015-07-02,-2.3016,-54.1403,0.13386541418617207,0.23356235392344177,0.3056135916964191,0.2457197630659192,0.08123887712804789,OWT 7,0.008811026052410076,0.015373081970370852,0.0201154968576336,0.01617328304796362,0.005347145617823898
70,2015-07-02,-2.30756,-54.2684,0.1383025473777555,0.22735680068016337,0.293067438951088,0.24818928310521768,0.0930839298857756,OWT 7,0.011704525881920856,0.019241175296093673,0.02480225772690998,0.021004225466548652,0.007877680398489913
71,2015-06-30,-2.33241,-54.6632,0.13976218137195912,0.23391424570395475,0.29286178195887075,0.24213248116598485,0.09132930979923053,OWT 7,0.010773035740582271,0.018030389225919992,0.02257413567191593,0.018663860623460257,0.007039772197110416
72,2015-06-30,-2.29108,-54.651,0.15033938266035615,0.24434896909681697,0.2915615700856616,0.23097862351562454,0.08277145464154087,OWT 7,0.009867939953129748,0.016038518397431034,0.019137447655651584,0.01516091889547038,0.005432932673943394
75,2016-03-13,-2.25617,-55.53,0.14216116500973996,0.21273528710583725,0.25669511434797265,0.24695976893612953,0.14144866460032055,OWT 8,0.02310905422015791,0.03458125349446055,0.041727157449156484,0.040144625222729984,0.02299323348534591
76,2016-03-16,-2.25515,-55.3005,0.14401441067033788,0.2121787268111489,0.26292677255028657,0.23996471252965434,0.14091537743857233,OWT 8,0.029993230408840034,0.044189504449445124,0.05475857056975533,0.04997636611080748,0.029347808764350804
77,2016-03-13,-2.25617,-55.53,0.1439233940950298,0.21112515474971447,0.25776927892644397,0.24394361639600629,0.14323855583280543,OWT 8,0.024624457920123525,0.03612228937278409,0.04410282846604993,0.04173733780110773,0.024507286065775093
78,2016-03-16,-2.24187,-55.2438,0.14205308022772015,0.20673332483866766,0.2613434448499201,0.24198359863684757,0.14788655144684443,OWT 8,0.029432939060232498,0.042834476675489765,0.0541495170236928,0.05013821946582652,0.03064161544110974
79,2016-03-16,-2.21632,-55.2121,0.14086392000004952,0.2165676604794242,0.26915391644083403,0.2438309598008339,0.12958354327885843,OWT 8,0.03467613844598384,0.053311949416888986,0.06625698383076267,0.060023291411085714,0.03189927475436758
80,2016-03-17,-2.26257,-55.1258,0.12262545311409725,0.19344445579524724,0.26326420427388547,0.24889308950528805,0.17177279731148204,OWT 8,0.03312591671863497,0.05225689096041632,0.07111792767574995,0.06723572916892319,0.0464025309082668
81,2016-03-16,-2.21864,-55.2783,0.14046327668244357,0.20991802928496964,0.2663318755292779,0.23979960553687343,0.14348721296643557,OWT 8,0.029953437390512556,0.04476448717298807,0.05679459675997376,0.051136657497725335,0.030598284131203565
82,2016-03-14,-2.25617,-55.53,0.15352375340757754,0.21305938302671915,0.2517287311880551,0.23938667997117144,0.14230145240647682,OWT 8,0.024759349177925646,0.03436088255338065,0.04059723277514404,0.03860678407344117,0.022949486776187866
83,2016-03-15,-2.15449,-55.5734,0.15752631747639464,0.23368240168022703,0.2624286059160576,0.23671833972232462,0.10964433520499613,OWT 7,0.019244390367201703,0.028548089182326042,0.032059903492163686,0.028918978172488077,0.013394830921210684
84,2016-03-14,-2.25617,-55.53,0.14984210523959385,0.20640774657108424,0.25027406257795026,0.24113021207375412,0.1523458735376175,OWT 8,0.024478389604822452,0.03371902196609949,0.040885077008021,0.03939132640453027,0.02488740825669756
85,2016-03-14,-2.25617,-55.53,0.1519114040318547,0.2131533518643217,0.25453569049493324,0.23942561303708398,0.14097394057180626,OWT 8,0.024697636031070204,0.03465430351788305,0.04138221143320339,0.0389256269796953,0.02291943186423384
86,2016-03-15,-2.12949,-55.5436,0.16217290830710715,0.23943369468178777,0.2610978253705898,0.23572464325095463,0.10157092838956075,OWT 7,0.018530698436903328,0.027358907465479233,0.029834360837331108,0.026935092450571952,0.011606009065206901
87,2016-03-08,-2.25738,-54.2127,0.14002345978209574,0.21799945771477117,0.25465710854179985,0.2464866415336258,0.14083333242770726,OWT 8,0.02204255918013252,0.03431757760729943,0.0400882423160337,0.03880204354021953,0.022170049714554704
88,2016-03-17,-2.23466,-55.0668,0.1296498244622526,0.19393429234027604,0.2573089589446106,0.24393472541213954,0.17517219884072116,OWT 8,0.025981018691558055,0.03886322634932515,0.05156311548876524,0.04888300224654824,0.035103419470090866
89,2016-03-17,-2.23699,-55.0746,0.1265738413467212,0.1932882885758122,0.25804522930342,0.24468340367324362,0.17740923710080292,OWT 8,0.026858823985380458,0.041015553182684905,0.054756901745142736,0.05192153766907608,0.03764603666897029
90,2016-03-11,-2.40411,-54.8056,0.205393137360496,0.2756939659194745,0.2496217398306619,0.18467761691087123,0.08461353997849645,OWT 2,0.007890612797177444,0.01059136816129675,0.00958974832398832,0.00709478216300632,0.0032506085156924105
91,2016-03-11,-2.40604,-54.8446,0.19894628343417037,0.28951419440832765,0.2488276563101338,0.19272093202811233,0.06999093381925588,OWT 2,0.006795743696120622,0.009889424560368076,0.008499625866846553,0.006583093870028981,0.002390798355603306
92,2016-03-11,-2.40848,-54.846,0.19117412117811317,0.28911401382863405,0.2598780369473256,0.19664276238442235,0.06319106566150486,OWT 2,0.007215224542421257,0.010911636550382114,0.009808222884265952,0.007421620021068163,0.0023849343468295833
93,2016-03-09,-2.37428,-54.7763,0.19182070582381958,0.2799653441776583,0.25351372528985044,0.1922896406403208,0.082410584068351,OWT 2,0.007844301279908364,0.011448881382387673,0.010367170901727386,0.007863477864445868,0.0033700921248778315
94,2016-03-09,-2.37117,-54.819,0.1867783474741392,0.2913933017661562,0.25579044384793076,0.19451861015407468,0.07151929675769929,OWT 2,0.005860717037072184,0.009143317259438122,0.008026173442761544,0.0061035904213438425,0.002244127152079577
95,2016-03-09,-2.37117,-54.819,0.1902477716217583,0.28342737833974047,0.24073461266183963,0.1981081659388619,0.08748207143779965,OWT 2,0.0071485885379838085,0.010649826228600867,0.009045639158348917,0.007443944032769817,0.0032871519483690633
96,2016-03-11,-2.41064,-54.765,0.20804810721368538,0.2992678897012572,0.25484747797527446,0.1807305517442846,0.05710597336549841,OWT 2,0.006661041103045689,0.00958160946917132,0.008159408650890959,0.005786419544342849,0.0018283523023178724
97,2014-04-10,-2.1583,-55.7662,0.14869218650148333,0.23338600622052258,0.28599096040415667,0.23720257165140737,0.09472827522243013,OWT 7,0.01129476557651839,0.017728169119864065,0.021724079326361098,0.018018078178729493,0.007195628010316401
98,2014-04-10,-2.1785,-55.6333,0.16020024752672207,0.23488233458109967,0.2701888838737011,0.230307252099963,0.10442128191851428,OWT 7,0.012976552801653385,0.01902595697524652,0.021885860803192842,0.018655365791369064,0.008458340728880024
99,2014-04-09,-2.1511,-55.715,0.1602009485677912,0.2316125188860417,0.2685742744904104,0.2345820316060445,0.10503022644971217,OWT 7,0.011441153017062755,0.01654118963047958,0.019180906220359253,0.016753264838019873,0.007500997359696701
100,2014-04-09,-2.1328,-55.6535,0.15559566887983156,0.23250217224984235,0.26794762881804923,0.2379941041042757,0.10596042594800119,OWT 7,0.013793824509595695,0.020611718727151677,0.02375401960920224,0.021098587961778114,0.009393574583477319
101,2014-04-09,-2.1265,-55.5952,0.1595808139996277,0.2422571270666649,0.27062552716789107,0.23375817187174455,0.09377835989407175,OWT 7,0.013255394089503244,0.020122805553974665,0.02247919360342611,0.01941684975869991,0.007789590028448449
102,2014-04-09,-2.1168,-55.6928,0.14885362553950093,0.2207276011148593,0.2710134987091956,0.24057085231859088,0.11883442231785324,OWT 7,0.017646403570026233,0.02616696982824217,0.032128297539371325,0.02851936143182817,0.01408766609903831
103,2014-04-11,-2.1511,-55.5662,0.15445451820391584,0.23279022453832277,0.27558070815948355,0.2323059150088506,0.10486863408942736,OWT 7,0.01287676969012804,0.019407565038244236,0.022974978985898595,0.019367188477284625,0.008742827756615478
104,2014-04-11,-2.127,-55.5398,0.1541434531712844,0.23579883389235928,0.2806372448137826,0.23227452180099617,0.0971459463215777,OWT 7,0.012950702572547438,0.019811159681884905,0.023578357780293623,0.0195150568197195,0.008161931181997073
105,2014-04-14,-2.2523,-55.5438,0.16085979098853362,0.24012008230776014,0.2783256342439714,0.2291111543252658,0.09158333813446906,OWT 7,0.01066502278044546,0.01591998927834766,0.018453021798377666,0.015190096077566646,0.006071985929553866
106,2014-04-14,-2.2579,-55.4518,0.15163515083411114,0.23807154024344904,0.28077318114988875,0.2372621673097545,0.09225796046279655,OWT 7,0.009829281102094233,0.015432253528216812,0.01820025573404614,0.015379788423404712,0.005980337819472969
107,2014-04-12,-1.9452,-55.5937,0.14370292169882745,0.24258749143989372,0.2921826479576301,0.2324775048692326,0.08904943403441612,OWT 7,0.0071748764158184085,0.012112038158503534,0.014588251687298008,0.011607261335927148,0.004446107821207386
108,2014-04-12,-1.948,-55.5834,0.138148524123697,0.23828574924633703,0.2984213555729,0.2431006233541694,0.08204374770289649,OWT 7,0.006345926105486504,0.010945782926741808,0.013708144062900596,0.01116695673579507,0.0037687232899685525
109,2014-04-12,-1.9497,-55.5723,0.14414609893899447,0.23571543083502217,0.29268331686018095,0.2375025015627398,0.08995265180306276,OWT 7,0.008258713919814828,0.013505091876098791,0.016769012833803797,0.013607480397212646,0.005153751804858889
110,2013-08-12,-2.143,-55.6255,0.14544333253324734,0.23412816400209632,0.28532709629497144,0.24472614540946883,0.09037526176021618,OWT 7,0.010490485761231589,0.01688711423196958,0.020579972892822176,0.017651521723983172,0.006518555234880917
111,2013-08-12,-2.1119,-55.6212,0.1303576579254617,0.23048211518204959,0.2908282626820064,0.25553781708926904,0.09279414712121331,OWT 7,0.011132782090868966,0.019683593622336338,0.02483726484374323,0.021823396330561896,0.007924789656770329
112,2013-08-12,-2.131,-55.6577,0.15186478289689093,0.22328785447171962,0.27669881286372555,0.24273529928373688,0.10541325048392704,OWT 7,0.0147559418006387,0.02169576463037654,0.02688544046248751,0.023585375627365193,0.01024247860159303
113,2013-08-12,-2.1162,-55.6929,0.13453657177835335,0.2149924676718408,0.2850593068746808,0.255021303808344,0.1103903498667811,OWT 7,0.013015516259529914,0.020799087725152914,0.027577587227881912,0.024671610717957038,0.010679530291238337
114,2013-08-12,-2.1502,-55.7138,0.15282647811496117,0.23567124748651222,0.28198937976065236,0.2402163362444154,0.0892965583934587,OWT 7,0.00991513155015286,0.0152899644763105,0.018295009023041577,0.015584842389467873,0.0057934144290168865
115,2013-08-12,-2.155,-55.6761,0.15820244514899695,0.22936530701838348,0.2756487146143916,0.23664272227205516,0.1001408109461729,OWT 7,0.012370142795474062,0.017934499036806714,0.021553484574511467,0.01850353364170865,0.007830195860070655
116,2013-08-13,-2.1772,-55.8073,0.14598390999285887,0.23408229046774348,0.2827417529505237,0.24594340126481734,0.09124864532405674,OWT 7,0.010496465370395657,0.01683087304510311,0.020329562475448915,0.017683704968443167,0.006560916513239915
117,2013-08-13,-2.2027,-55.7978,0.17817794927106437,0.27375052915172576,0.25611678601580967,0.216323569520538,0.07563116604086227,OWT 2,0.006281586292766909,0.009650956128926696,0.009029286165691064,0.0076263935838400375,0.0026663439435230434
118,2013-08-13,-2.1617,-55.7647,0.153281700296238,0.2416494251682173,0.28094966384959497,0.23842280799973786,0.08569640268621193,OWT 7,0.009092199277728898,0.014333901077113723,0.01666507042781126,0.014142508065214334,0.005083247178898002
119,2013-08-13,-2.178,-55.6327,0.14713978923644833,0.2500050873991154,0.27454094549885977,0.2448901705614842,0.08342400730409233,OWT 7,0.009834074965234335,0.016709068185642374,0.018348920119244765,0.016367213165438602,0.005575636243506852
120,2013-08-14,-2.1738,-55.5976,0.15462354280584137,0.24849941506843648,0.27029663159819645,0.239956100911057,0.08662430961646862,OWT 7,0.009766804458956113,0.015696479016691516,0.017073301379784137,0.015156840115057161,0.005471629210297455
121,2013-08-14,-2.1535,-55.5713,0.13990455660659398,0.24104871056327096,0.17319834341163412,0.29487341382111204,0.1509749755973888,OWT 5,0.01031945044972292,0.017779908567395697,0.012775221666555876,0.021750053441248588,0.011136011704081624
122,2013-08-14,-2.1262,-55.539,0.15139707229410113,0.23275673646947978,0.27147629752000396,0.2449634005265157,0.09940649318989948,OWT 7,0.012739328995880898,0.01958534994740307,0.022843413127386653,0.020612481496305776,0.008364574042838113
123,2013-08-14,-2.1054,-55.4156,0.13843241856651556,0.22995104462097704,0.2827921737670707,0.25276044157981936,0.09606392146561725,OWT 7,0.011856691904011686,0.019695232643548225,0.024221058274805887,0.021648850120276397,0.008227843822303219
124,2013-08-11,-2.0956,-55.4892,0.14631571936195417,0.2374833131375527,0.2770577004625004,0.24750850951108394,0.09163475752690879,OWT 7,0.01242929929577303,0.020173848644631415,0.023535633056132748,0.021025473929794855,0.007784234203708514
125,2013-08-14,-2.1154,-55.4467,0.14728329206647842,0.24570344870081468,0.25059334433817243,0.25626343303587207,0.1001564818586624,OWT 3,0.01155782157125575,0.019281186478670127,0.01966491324418222,0.020109864416455223,0.007859620261642702
126,2013-08-11,-2.0674,-55.4859,0.14572166798158598,0.2297519824676603,0.28073465310063594,0.24650422278084055,0.0972874736692773,OWT 7,0.013082112769018233,0.020625905434511208,0.02520285720650562,0.0221298320635861,0.008733949584733032
127,2013-08-11,-2.0783,-55.5302,0.14972238392144535,0.22904500799299018,0.26889406226904117,0.24297294291051508,0.10936560290600819,OWT 7,0.015659138903629084,0.02395531984867987,0.028123045874297595,0.02541201230709449,0.011438310841235706
128,2013-08-15,-2.1336,-55.3958,0.1463456037870462,0.24918187879405262,0.2454769864099303,0.2565989016155684,0.10239662939340259,OWT 3,0.01153557762444137,0.019641566477225248,0.01934953123611589,0.020226207493325397,0.008071334131550489
129,2013-08-15,-2.2387,-55.3386,0.1574778387586158,0.2700018643989554,0.2645464284848591,0.23354323812355873,0.0744306302340111,OWT 2,0.00793562873847778,0.013605943359758645,0.013331032843065655,0.011768718993986545,0.0037507109124947672
130,2013-08-16,-2.2398,-55.5813,0.1535995269917813,0.23961653105476133,0.2716499313144071,0.23801920611968833,0.09711480451936205,OWT 7,0.007294313728420445,0.01137918967760071,0.012900429201303305,0.011303334045550003,0.0046119012585003226
131,2013-08-16,-2.2302,-55.4931,0.15762246358364435,0.24782645987194407,0.20851361805748247,0.25984707657988726,0.12619038190704168,OWT 3,0.010617144030316413,0.016693110608486186,0.014045073683446685,0.01750279608110117,0.00849993985303195
132,2013-08-15,-2.2622,-55.4556,0.15779603933580513,0.27151851200917676,0.22132809629666056,0.2582767059242019,0.09108064643415567,OWT 3,0.0077784175485826786,0.013384267231718863,0.010910174649977424,0.01273152399899993,0.0044897406902084085
133,2013-08-15,-2.2568,-55.3983,0.1620907542479193,0.26388309896033324,0.25460029070963053,0.23749300990629593,0.08193284617582092,OWT 3,0.009039033670840633,0.0147155106269662,0.014197852376022894,0.01324386034905414,0.004569006781215334
134,2013-08-16,-2.2955,-55.3775,0.16212529952146476,0.27917131326373734,0.21375260362089576,0.25104121691968234,0.09390956667421985,OWT 3,0.0069410113654597965,0.01195205969699621,0.0091513123214482,0.010747736133604956,0.004020516054774444
135,2013-08-17,-2.221,-55.2695,0.15505262978799153,0.24318737920630581,0.2548120698423587,0.23949220761254017,0.10745571355080366,OWT 7,0.01258012734895729,0.019730901721935406,0.020674065915885134,0.019431095589724796,0.00871837235324905
136,2013-08-17,-2.2224,-55.1978,0.16486624998813382,0.24822922476025616,0.2634417888769138,0.23035392176987005,0.09310881460482615,OWT 7,0.011528921101230447,0.017358405055531805,0.018422203446415195,0.016108404173898465,0.006511000143967577
137,2013-08-17,-2.2506,-55.1446,0.16624484288445765,0.25512096330652023,0.26444097746664535,0.22228540073030098,0.09190781561207587,OWT 7,0.010567761883857173,0.01621739083766565,0.01680984043603805,0.014130117629021546,0.005842346107114474
139,2014-08-13,-22.592,-44.615,0.2268545151625169,0.4154397756455405,0.1661531100688742,0.1481022512047692,0.04345034791829928,OWT 1,0.009315789324051006,0.017060050243973876,0.006823083806943951,0.006081824598698905,0.0017842901957389606
140,2014-08-12,-22.555,-44.584,0.25208572884516295,0.3993013710897745,0.16216763919378877,0.1489596223802502,0.037485638491023654,OWT 1,0.006879160356197723,0.010896523872096536,0.00442538813962492,0.00406495494071307,0.0010229445332567758
141,2014-08-11,-22.565,-44.583,0.25831508198441583,0.40454215070779986,0.16336177522598136,0.13595513214389138,0.037825859937911384,OWT 1,0.008164610002865532,0.012786434554560402,0.005163404218791938,0.004297157654580495,0.0011955685747946138
142,2014-08-11,-22.583,-44.569,0.2551539951819885,0.40193524660810903,0.16463466485608522,0.14102519749029338,0.03725089586352374,OWT 1,0.008680443263867134,0.013674001465043198,0.005600938627395279,0.00479773489228345,0.0012672907114031602
143,2014-08-11,-22.538,-44.576,0.2539386254886454,0.397124783845965,0.1595364146658227,0.14665832205306478,0.04274185394650226,OWT 1,0.006805018059299105,0.010642104251241144,0.004275238478698065,0.003930132835039053,0.0011453912827722938
144,2014-08-12,-22.529,-44.563,0.24714606328204242,0.4097203723945886,0.15201931523789025,0.14961709724399255,0.041497151841486196,OWT 1,0.0064635967662342,0.010715393313984287,0.003975752400536658,0.0039129273316241605,0.0010852726233574145
145,2014-08-12,-22.513,-44.619,0.12376665318137292,0.26535888822114356,0.11529048428493593,0.33167101050357717,0.1639129638089703,OWT 5,0.0065992686018716586,0.014149001643432324,0.006147317176955563,0.017684780427566073,0.00873987982788131
146,2014-08-12,-22.519,-44.626,0.18604922244579672,0.3742250397872039,0.15254192532477928,0.2108899036871313,0.07629390875508875,OWT 4,0.009653916265835748,0.019418179507507734,0.007915254655492159,0.010942875464576967,0.0039588179785568335
147,2014-08-13,-22.548,-44.62,0.15273246463644705,0.3427262083102656,0.138315393476655,0.26948255261380843,0.0967433809628238,OWT 4,0.005509444803752936,0.01236299782092526,0.004989384723692538,0.009720914625022855,0.003489777493028998
148,2014-08-12,-22.562,-44.607,0.23221251053631325,0.40278449243081,0.15736083920614574,0.15778771885463294,0.04985443897209817,OWT 1,0.007620246868947511,0.013217708469787696,0.0051639269541770266,0.005177935365253971,0.0016360149227225068
149,2014-08-13,-22.565,-44.596,0.23478608966241243,0.4039570159062492,0.15993763544197148,0.15082899544395598,0.050490263545410946,OWT 1,0.007767805969214111,0.01336475991390401,0.00529147412895914,0.004990118336332153,0.0016704506264368564
150,2014-08-13,-22.581,-44.606,0.22347149365552077,0.3826317334550535,0.16235271121391928,0.1813210653540861,0.05022299632142048,OWT 1,0.007561800640864979,0.012947445063019212,0.005493670873279423,0.006135519684270818,0.0016994395104142387
151,2018-08-12,-21.7843,-48.9627,0.1742093607639493,0.3401523875325487,0.16408899685125058,0.23538045689632076,0.08616879795593062,OWT 4,0.006952155900116616,0.013574428018982372,0.006548283528514666,0.009393304843137546,0.0034387297817308113
152,2018-08-12,-21.8139,-49.0032,0.1915659496564412,0.34060265470550566,0.17413934247591373,0.21682874354609458,0.0768633096160448,OWT 4,0.006819164684456296,0.012124417719147358,0.006198830515109047,0.007718443247436709,0.002736099851796073
153,2018-08-13,-21.8507,-48.9407,0.18139453325515068,0.35470794496442065,0.1686471548653998,0.2146411397487798,0.08060922716624923,OWT 4,0.006302855906039659,0.012324919752093507,0.00585992696144269,0.007458064755687815,0.0028009021794026968
154,2018-08-12,-21.8448,-48.9655,0.18745784072207408,0.3700122350109896,0.18562506191365663,0.19573985247714262,0.061165009876137016,OWT 4,0.004360480980116788,0.008606902261122299,0.004317848476167731,0.004553129922385477,0.0014227671736013155
155,2018-08-13,-21.9103,-48.8918,0.19927001825426113,0.36044038409689416,0.18364183139974513,0.19238407188738738,0.0642636943617123,OWT 4,0.005545736306724723,0.010031149402241831,0.005110799811979287,0.0053540986328414145,0.0017884752866899878
156,2014-02-06,-21.76,-48.981,0.11738043199579083,0.2841730417010429,0.12431043311531802,0.3132937140479999,0.16084237913984842,OWT 5,0.007684189367093253,0.018603096174769615,0.00813785476950483,0.020509451067202773,0.010529381077833525
157,2014-02-06,-21.813,-48.99,0.1324905742153971,0.29653179073070174,0.13041677881713024,0.2997820124385869,0.14077884379818412,OWT 5,0.006776349150428417,0.01516638417557322,0.006670283026340513,0.015332619677527684,0.0072002601258200054
158,2014-02-06,-21.85,-48.941,0.17279690523186242,0.36448314334071036,0.17417689169889833,0.22264437504624932,0.06589868468227968,OWT 4,0.005869726249280489,0.012381102954456958,0.005916602915146372,0.00756299154032907,0.0022385079105068997
159,2014-02-06,-21.91,-48.891,0.20620076818789151,0.388966310371472,0.20769314133782124,0.16318433902834723,0.033955441074468164,OWT 1,0.005370009420173212,0.01012970402186638,0.005408874735486847,0.0042497486576212554,0.0008842888415909298
160,2014-07-16,-21.76,-48.981,0.131050899347973,0.3500136556183369,0.17899409778725628,0.25140944130815324,0.08853190593828061,OWT 4,0.003069602240659311,0.008198361910471097,0.004192574689423923,0.005888757636933754,0.0020736808231769594
161,2014-07-16,-21.813,-48.99,0.15452378375087233,0.3557128075834384,0.17565575523368218,0.23392925112476792,0.08017840230723917,OWT 4,0.003697298820233096,0.008511159330271217,0.004202924629646084,0.005597237675696855,0.0019184329108628652
162,2014-07-16,-21.85,-48.941,0.16654443573580352,0.34526726368115024,0.1919383874142888,0.2155139624891324,0.08073595067962511,OWT 4,0.0035599859986680817,0.007380292347041739,0.004102796762815556,0.004606738649593035,0.001725778785336106
163,2014-07-16,-21.91,-48.891,0.17750270823169342,0.3697810335354937,0.17900965816551984,0.2160020764622834,0.057704523605009654,OWT 4,0.004143348872843873,0.008631596913431011,0.0041785247829578855,0.005042018620210208,0.0013469652109461138
164,2014-05-13,-21.813,-48.99,0.19110863463555838,0.3202678057902505,0.17608075265603448,0.21055999409145348,0.10198281282670317,OWT 4,0.00465978247300905,0.007809057455391386,0.004293359149498975,0.00513406299958822,0.002486636591090025
165,2014-03-26,-21.813,-48.99,0.18479881094837386,0.3022009094199036,0.21694068766101676,0.21846379015947842,0.07759580181122755,OWT 2,0.003841454197220824,0.006281917864825169,0.004509594574156636,0.004541255646300372,0.0016130012797416122
166,2014-03-26,-21.85,-48.941,0.15911962563162368,0.28304735623791144,0.1987892692691019,0.25777343571120076,0.10127031315016227,OWT 3,0.0036775891284036954,0.006541819564946705,0.004594438006031048,0.0059576861182256136,0.002340569877491323
167,2014-03-26,-21.91,-48.891,0.17124615806064405,0.26873793310445804,0.22989650768995387,0.23536407817801278,0.09475532296693118,OWT 3,0.0064943056351736105,0.010191564547259115,0.00871854996518446,0.008925901033573014,0.003593482241446335
168,2014-09-18,-21.76,-48.981,0.12254711760985093,0.2848004474201752,0.11877623139617843,0.30548554172820686,0.1683906618455886,OWT 5,0.00880178284588813,0.020455411285843716,0.00853094398621812,0.021941090523324012,0.012094434106225842
169,2014-09-18,-21.813,-48.99,0.11857829666735557,0.2668150574737024,0.11996525672498907,0.30138198240154734,0.19325940673240558,OWT 5,0.008729639576046715,0.01964271161477087,0.008831746468705822,0.022187501043808303,0.014227603304062038
170,2014-09-18,-21.85,-48.941,0.0757229126206754,0.1831233395303143,0.08149881050734355,0.2804371632185913,0.37921777412307545,OWT 5,0.01060572582412872,0.0256481937083738,0.01141469615099701,0.03927793531783308,0.053113114654382405
171,2014-09-18,-21.91,-48.891,0.16126627858125028,0.32344480093376793,0.1484858941770358,0.2454974402747011,0.12130558603324491,OWT 4,0.00726737021192335,0.01457585015408693,0.0066914296883791,0.011063198086120071,0.005466565051501137
172,2013-03-17,-25.4239,-54.5419,0.2051434482358232,0.3128549334803577,0.2460303556484684,0.1599866383303484,0.07598462430500227,OWT 2,0.015579402245905226,0.023759437092543106,0.0186845151932143,0.01215001606901626,0.005770571942374599
173,2013-03-14,-24.9694,-54.4319,0.20003960735541743,0.3148733365374705,0.24441418453782549,0.16314460895818564,0.07752826261110099,OWT 2,0.014081584926321573,0.022165188624914317,0.017205288204010336,0.011484398998216683,0.0054575232804205676
174,2013-03-15,-24.7234,-54.3529,0.1749426074245207,0.293754804656529,0.277211813053076,0.18588049297218256,0.0682102818936917,OWT 2,0.013340060276487441,0.022399956524694096,0.021138488501595706,0.014174116968857732,0.005201301645916292
175,2013-03-15,-24.7132,-54.301,0.18687798123803132,0.2951130104688491,0.2594610879124959,0.1820448694166111,0.07650305096401254,OWT 2,0.014822965803028956,0.023408054995183333,0.020580181827011972,0.014439608433816604,0.006068141900690437
176,2013-03-15,-24.6642,-54.2922,0.1867496592557627,0.2928751403290449,0.2593628708291793,0.18042595848934698,0.0805863710966661,OWT 2,0.014856822091637979,0.023299608000745837,0.02063354784389891,0.014353741670384177,0.006411028449343424
177,2013-03-17,-25.3945,-54.5803,0.20171303842015442,0.32348443699083623,0.25176740739949593,0.16099282481391572,0.06204229237559765,OWT 2,0.014203447374515706,0.022777874019744623,0.017727982036384315,0.0113361691084943,0.004368653814611672
178,2013-03-15,-24.635,-54.3228,0.16694574623214228,0.27512916485486844,0.279478396884394,0.19683471307267436,0.08161197895592105,OWT 2,0.01436929804151235,0.023680824812479313,0.024055170446881064,0.01694189112865383,0.007024478765362402
179,2013-03-15,-24.5755,-54.317,0.1534142233802093,0.2688872933142694,0.2969954311492091,0.20818953952868893,0.07251351262762316,OWT 2,0.012011452867447668,0.021052331258071367,0.023253037068505723,0.01630004563101722,0.005677391704556427
180,2013-03-17,-25.3355,-54.5184,0.20832560201454367,0.33573016091275787,0.24947491899743857,0.15478595188844943,0.05168336618681053,OWT 2,0.012981080725906464,0.020919849883001062,0.015545156386341043,0.009644944823248193,0.0032204680661896494
181,2013-03-16,-25.2283,-54.4426,0.2036747463116541,0.3164043260930453,0.2451221745132003,0.16242712037648677,0.07237163270561343,OWT 2,0.014576565921814916,0.022644380811872887,0.017542869699825117,0.011624561564621192,0.0051794829457577594
182,2013-03-16,-25.2441,-54.3879,0.20149128554478776,0.3129986880995004,0.247245166085114,0.16499938704507408,0.07326547322552385,OWT 2,0.015177465804573914,0.023576835457981674,0.01862390744819032,0.012428689150904318,0.005518770757403999
183,2013-03-16,-25.123,-54.4425,0.19123131529017773,0.3090147267086292,0.2615596868463945,0.17084194389297072,0.06735232726182772,OWT 2,0.013757711018103833,0.022231376194555806,0.018817329055955404,0.012290843109477501,0.004845513160116701
184,2013-03-16,-25.0333,-54.3472,0.2064656967549833,0.3171686866289141,0.23855674092289733,0.16458969380068417,0.0732191818925211,OWT 2,0.013897877743627732,0.02134965614218543,0.016058030328394878,0.011079067749533175,0.00492862133722046
185,2015-07-10,-2.88411,-64.9763,0.18997497091884166,0.2991475142928924,0.27558916338214307,0.1846643842314947,0.050623967174628255,OWT 2,0.004289874277256539,0.006755127901656828,0.006223150646454189,0.004169954536687539,0.001143152982441532
186,2015-07-10,-2.89961,-64.9853,0.21863587372597115,0.2955397536440939,0.25290401995527334,0.17182819310425335,0.06109215957040819,OWT 2,0.004849234750176932,0.0065549244916042835,0.005609285160420004,0.0038110637145741186,0.0013549936618520572
187,2015-07-10,-2.90084,-64.975,0.21013119497697,0.2990123451997983,0.2616284233080807,0.17525017044447558,0.053977866070675444,OWT 2,0.004655848021587304,0.0066251754575575444,0.005796865035595668,0.003882993952593163,0.0011959801636411108
188,2015-07-09,-2.98494,-64.9253,0.22434945399099865,0.2968767772229944,0.24512351996597911,0.16851127237727268,0.06513897644275522,OWT 2,0.002690682167893721,0.0035605214825604934,0.0029398310197370167,0.002021000129970457,0.000781228923144171
189,2015-07-09,-2.98878,-64.9351,0.20238650898974211,0.2976452167793321,0.26496449082163076,0.18101762909159796,0.053986154317697224,OWT 2,0.003991310612991402,0.005869929367167887,0.005225425299152917,0.0035698900472089057,0.001064673291507478
190,2015-07-09,-2.99906,-64.9472,0.19234784883019987,0.2940642434337329,0.27284077000782947,0.18669927481959203,0.054047862908645876,OWT 2,0.004550500910794892,0.006956873267445223,0.006454775449652308,0.00441686884089504,0.0012786462177147861
191,2015-07-12,-2.88617,-64.764,0.16967985848958284,0.26187094438417136,0.2921489934381654,0.2124207795455511,0.06387942414252916,OWT 2,0.003748552833777831,0.005785230370849396,0.00645413042529859,0.004692781584136322,0.0014112187417004156
192,2015-07-12,-2.86148,-64.7542,0.18242576886276987,0.26328993232737274,0.2809060087404276,0.2039692651486865,0.06940902492074331,OWT 2,0.00412098696605279,0.005947703475106241,0.006345649564322394,0.0046076532300949845,0.0015679456296549086
193,2015-07-12,-2.8179,-64.7648,0.18008645578899807,0.2646416597740789,0.28624373976253764,0.20516121082715238,0.06386693384723313,OWT 2,0.0042692090963759866,0.00627371212475469,0.006785820578348922,0.004863642319181563,0.0015140577548914626
194,2015-07-11,-2.98044,-64.824,0.1803928288342407,0.27563431564136626,0.27762226278457863,0.19767093773976058,0.06867965500005398,OWT 2,0.004542580210177926,0.00694091331440302,0.006990973005855245,0.004977670651914021,0.001729463658069065
195,2015-07-11,-2.96768,-64.8251,0.1902721410436498,0.2856523848712882,0.27533014005882034,0.1902889004197612,0.058456433606480625,OWT 2,0.004164783647609297,0.0062525200740744125,0.0060265809735535235,0.004165150486260452,0.0012795272994062642
196,2015-07-11,-2.95984,-64.8251,0.17157500258745,0.27691328453502306,0.2909038623198807,0.2038470067488094,0.05676084380883684,OWT 2,0.004594073681220277,0.0074146001065289475,0.007789210301587636,0.005458185368366345,0.0015198222044794886
197,2016-07-30,-2.90153,-64.9751,0.19145918603597134,0.28018862475258277,0.27260412568919784,0.19931460679964244,0.056433456722605586,OWT 2,0.00230746631309796,0.003376833602584943,0.003285425211831649,0.002402139852470345,0.0006801360802537758
198,2016-07-30,-2.89609,-64.9777,0.2104556553138585,0.2858513389408944,0.26409429758960734,0.1853923017130689,0.0542064064425709,OWT 2,0.0020820475285874543,0.002827940512682972,0.002612697096642352,0.001834094612592798,0.0005362664852082498
199,2016-07-30,-2.88943,-64.976,0.21087837253669744,0.28234273300316315,0.25624319246980687,0.1968517923285171,0.05368390966181544,OWT 2,0.0023741863256596303,0.0031787719517269377,0.0028849287685929707,0.0022162672630007293,0.0006044033946859537
200,2016-08-01,-2.88453,-64.9766,0.201166234845365,0.26064526927983256,0.25097093257533526,0.1991193068545509,0.08809825644491616,OWT 2,0.0032627808766109542,0.004227490765729489,0.004070579538467155,0.0032295810828714046,0.001428894399759469
201,2016-08-01,-2.90015,-64.986,0.21386770256023535,0.27948464553669716,0.25179554814377036,0.18696495581199657,0.06788714794730048,OWT 2,0.002423422566572351,0.003166955032929031,0.002853198525206042,0.002118576520198891,0.0007692570890613432
202,2016-08-01,-2.89226,-64.9801,0.22183825675572577,0.28929505066198946,0.24991206168726407,0.17912685077864438,0.05982778011637638,OWT 2,0.002772063826763538,0.0036149957042119945,0.0031228706725639275,0.0022383473018016036,0.0007476006506794244
203,2016-07-28,-2.98515,-64.9155,0.19868548550488035,0.2784257875048668,0.26952034167971956,0.1950741563891627,0.058294228921370594,OWT 2,0.0017554996234167889,0.0024600506870055723,0.0023813659921841147,0.001723591470254183,0.0005150627719925947
204,2016-07-28,-2.9934,-64.908,0.210583677320881,0.2724109104998063,0.25741114022212386,0.19298388397712302,0.06661038798006577,OWT 2,0.002213398019451866,0.002863250264447553,0.00270559102776196,0.0020284105207746673,0.0007001269172697583
205,2016-07-28,-3.00595,-64.9015,0.20310902373888187,0.26616394321984527,0.2586372660372999,0.19773096821982403,0.0743587987841489,OWT 2,0.002349745997980462,0.0030792214391792403,0.0029921461371458175,0.0022875278640925793,0.0008602487798982033
206,2016-07-31,-3.05815,-64.8356,0.1647876674828342,0.2539953890707923,0.2811613278150241,0.22898664374491812,0.07106897188643123,OWT 2,0.0038626752587144933,0.005953732583134667,0.006590510814600494,0.005367519650472041,0.0016658792709508432
207,2016-08-13,-2.88467,-64.9762,0.19823944017242895,0.2807002119833676,0.23558997225498574,0.21425509643982363,0.07121527914939388,OWT 2,0.0016849101312669753,0.0023857746501311093,0.002002366081805241,0.0018210331019551046,0.0006052849283444853
208,2016-08-13,-2.89962,-64.986,0.20234365009068808,0.26614973300271444,0.2483927779020754,0.1994149854941351,0.08369885351038694,OWT 2,0.002008135480805369,0.0026413713591214036,0.0024651445709188606,0.001979070297464648,0.0008306593133098476
209,2016-08-13,-2.90046,-64.9744,0.20342948341505146,0.2779908133200005,0.24693833065598686,0.20186454693162043,0.06977682567734078,OWT 2,0.0015864003337807688,0.0021678505575274285,0.0019256945630474864,0.0015741965188863687,0.0005441393139599637
210,2016-08-17,-2.8924,-64.9806,0.20711221442746452,0.28035528306465907,0.24723729668574382,0.19796144202258023,0.0673337637995525,OWT 2,0.002131006677001733,0.002884614902095676,0.00254385928660764,0.002036853093890095,0.0006928065572624979
211,2016-08-17,-2.8959,-64.9779,0.20516277885058826,0.28654789016074456,0.24794255713842944,0.19482455850760583,0.06552221534263196,OWT 2,0.0018182680420100285,0.002539548713970774,0.0021974065199583306,0.001726644913457103,0.0005806947579218035
212,2016-08-17,-2.8899,-64.9756,0.203327405773265,0.27945328736092556,0.24942786045660917,0.19952092716268327,0.06827051924651684,OWT 2,0.0017841165512584817,0.002452090673109727,0.0021886295774700745,0.0017507162259785573,0.0005990464634489372
213,2016-08-15,-2.88603,-64.7645,0.1630183643219738,0.25961690020749556,0.270547545378055,0.23198500800438002,0.07483218208809567,OWT 2,0.0033131459306555214,0.005276391282843476,0.005498543079770792,0.0047148073681119495,0.001520871225756912
214,2016-08-15,-2.86178,-64.7554,0.1699377810620212,0.2677871840072914,0.26767179571686806,0.2294336415780822,0.06516959763573724,OWT 2,0.0028654271302676016,0.0045153270649827375,0.004513381430905206,0.0038686240167746617,0.0010988653139228166
215,2016-08-18,-2.87454,-64.7535,0.16913686168057118,0.2655331488975062,0.26869256266144664,0.22654171335133497,0.07009571340914106,OWT 2,0.0028702042033550003,0.004506021647339447,0.004559635995952143,0.0038443481298845476,0.0011895042231778313
216,2016-08-16,-2.97888,-64.8239,0.17551027268802158,0.26758760722617425,0.2777528514311934,0.21574710629594998,0.06340216235866075,OWT 2,0.0032586842212637738,0.004968276216080281,0.005157013435781779,0.004005758069327603,0.001177182525603087
217,2016-08-16,-2.96909,-64.8253,0.1673402658791998,0.2733397314243449,0.27655958781645396,0.22035469804237467,0.06240571683762687,OWT 2,0.0030654482407169786,0.005007215653748764,0.005066199085265941,0.004036601220266619,0.0011431886634426804
218,2016-08-16,-2.95977,-64.8245,0.16224428980164526,0.26278359547602714,0.27496112212939183,0.23011431032642027,0.06989668226651559,OWT 2,0.0031636288828315946,0.005124061830457488,0.0053615134849294924,0.004487037906798206,0.0013629272444829628
219,2016-08-19,-2.98614,-64.8218,0.17866415550435727,0.2752188359012156,0.2601878952556436,0.216791428727394,0.06913768461138957,OWT 2,0.0036939900729876557,0.005690316811720608,0.0053795429725267945,0.004482294634685544,0.0014294636767115602
220,2016-08-19,-2.96209,-64.8219,0.17584882176937966,0.276491211669498,0.2684953295310307,0.21378303228535234,0.06538160474473922,OWT 2,0.0035094705018697066,0.005518022478722575,0.005358446132295987,0.004266535527827722,0.0013048413455820007
221,2016-08-19,-2.97231,-64.8246,0.17155655517979349,0.27753357097709613,0.2731430965840921,0.21590034169668357,0.061866435562334676,OWT 2,0.0034089578431994575,0.005514800891997394,0.005427558862092375,0.004290102248818297,0.001229332627482457
222,2016-04-12,-2.98476,-64.9254,0.17183450129991637,0.2293507055063871,0.2654126939145666,0.23210356497088133,0.10129853430824862,OWT 6,0.0026674828699565266,0.0035603390094689283,0.0041201493828670705,0.003603073183394335,0.0015725136859875077
223,2016-03-23,-3.05563,-64.8369,0.154930329763528,0.21608046210554746,0.2652243037363457,0.24920223968872443,0.1145626647058545,OWT 6,0.003301084429720337,0.004604003942366327,0.00565110666700185,0.005309726213992349,0.0024409747869574023
224,2016-04-12,-2.98476,-64.9254,0.1815550716221819,0.22123628314324653,0.24077663224161586,0.22907374917932713,0.12735826381362852,OWT 6,0.002110283159181664,0.002571512865741936,0.0027986377224500495,0.002662610693188021,0.0014803331953613086
225,2016-04-12,-2.98476,-64.9254,0.16351305662422147,0.23657361567633764,0.23732838651073454,0.25652514475115135,0.10605979643755506,OWT 6,0.001840939652605573,0.0026635044249691273,0.0026720021412148993,0.0028881321199204107,0.0011940923180091035
226,2016-04-15,-2.98476,-64.9254,0.1813333737127977,0.2267161509098088,0.2548551918616058,0.22047689846551613,0.11661838505027153,OWT 6,0.0018328202324391103,0.002291524940501837,0.0025759392351344993,0.002228461931850674,0.0011787159264628378
227,2016-04-15,-2.98476,-64.9254,0.17773943404831352,0.22929297097665777,0.26330323618056134,0.23036186603810727,0.09930249275635998,OWT 6,0.0014611704075578385,0.0018849846442126085,0.002164578158928256,0.0018937718772818338,0.0008163515574876817
228,2016-04-15,-2.98476,-64.9254,0.1900031581759595,0.2268533422273041,0.2577251123078665,0.22107464732892332,0.10434373995994656,OWT 6,0.0016203753413991191,0.0019346392206738001,0.0021979182917382925,0.0018853576465742079,0.0008898590154163657
229,2016-03-24,-2.99583,-64.9447,0.1802105763928218,0.2349488796378608,0.22683125863530645,0.2328047750068655,0.12520451032714555,OWT 6,0.002552557633508505,0.0033278876756746272,0.0032129072129806276,0.003297517922952911,0.0017734349169862592
230,2016-03-24,-2.99583,-64.9447,0.1843877119141451,0.23458671417451213,0.23112299457357655,0.23502061172943642,0.11488196760832989,OWT 6,0.0020208472293598984,0.0025710168343806967,0.00253305525827475,0.0025757722525297276,0.0012590801389889
231,2016-03-24,-2.99586,-64.9447,0.1787358906497325,0.24301079146535626,0.23253401347697616,0.2460702077753444,0.09964909663259067,OWT 6,0.0016212421417759633,0.0022042541909058698,0.002109223506676485,0.00223200493885559,0.0009038773033406036
232,2016-03-27,-2.99583,-64.9447,0.17165969195015116,0.23084523909350607,0.2528916104281192,0.2335924950275939,0.11101096350062953,OWT 6,0.0020879615938543955,0.0028078577322120817,0.0030760160640113257,0.0028412736425734364,0.0013502682292672171
233,2016-03-27,-2.99583,-64.9447,0.1602195131464045,0.22446717698443847,0.25485075529746504,0.24422022155272513,0.116242333018967,OWT 6,0.0029746447152874784,0.004167470545002359,0.004731573811111902,0.004534206708918923,0.0021581618544277608
234,2016-04-16,-2.98476,-64.9254,0.18238477105265283,0.23105917224026143,0.2543571419520706,0.21435458706230537,0.11784432769270975,OWT 6,0.0019396981927360698,0.0024573600976812936,0.0027051386237259365,0.002279703523105048,0.0012532977842966758
235,2016-04-16,-2.98476,-64.9254,0.17607573561157314,0.21590966799819805,0.2566121676604338,0.23264487263165115,0.11875755609814372,OWT 6,0.001573902554150236,0.001929969377937147,0.0022938001349473783,0.002079561717990886,0.0010615478630164126
236,2016-04-16,-2.98476,-64.9254,0.170645231166533,0.21792752756803244,0.2587905218842656,0.23094933287246044,0.12168738650870853,OWT 6,0.0014825489286039552,0.00189333285378478,0.00224834651592433,0.002006465013239789,0.0010572080055201848
237,2016-03-26,-2.99583,-64.9447,0.14962697612237105,0.25316469911559886,0.2728473904841467,0.24165692031488506,0.08270401396299831,OWT 7,0.010160526808097934,0.01719132992518921,0.01852789715717077,0.01640988597680194,0.005616075207729288
238,2016-04-14,-2.98476,-64.9254,0.14351008843632052,0.2370436457859417,0.28785598153739667,0.2427022288063535,0.08888805543398769,OWT 7,0.012331363871387613,0.02036840393199126,0.024734545770056827,0.020854627910956446,0.007637866907614308
239,2016-03-26,-2.99583,-64.9447,0.1500061067526619,0.2494779104127844,0.2845263000831721,0.23516503318958842,0.08082464956179307,OWT 7,0.013536888817753575,0.022513448344551615,0.025676293941175446,0.02122182207794882,0.007293798356195739
240,2016-04-14,-2.98476,-64.9254,0.1462812390194108,0.2439576691522428,0.28462348299753304,0.24065694773046087,0.08448066110035236,OWT 7,0.011080450987263039,0.018479204948829167,0.021559542251072754,0.01822918326332915,0.0063992062889884314
241,2016-03-26,-2.99583,-64.9447,0.15150762343666227,0.25225944217289,0.28572611255054775,0.23306695164655283,0.07743987019334712,OWT 7,0.01339464701738781,0.0223020209020807,0.02526077787013119,0.02060523079902482,0.006846386358544202
242,2016-04-14,-2.98476,-64.9254,0.16318464093732366,0.26928667972419057,0.2710575534249133,0.22459592876559498,0.0718751971479774,OWT 2,0.008540757398666964,0.014093925684465594,0.014186609668538344,0.011754901253556011,0.0037618039191446373
243,2016-03-22,-3.05563,-64.8369,0.16834413689706046,0.2772558009979801,0.2786217031557576,0.21231235618798577,0.06346600276121617,OWT 2,0.010835783631180674,0.017846085557116056,0.017934004391212968,0.013665879883217652,0.0040851073671604775
244,2016-03-22,-3.05563,-64.8369,0.16253400851052632,0.26820258842632627,0.2819052990755221,0.2188399622889326,0.06851814169869277,OWT 2,0.011809396432459518,0.019487064399406222,0.020482675987027642,0.015900474575246338,0.00497839132591684
245,2016-04-10,-2.99583,-64.9447,0.1643059814374292,0.2729778858822263,0.26142975799551754,0.22647204641139088,0.07481432827343606,OWT 2,0.009315554588091423,0.015476858328776483,0.014822121265781222,0.012840145517316447,0.0042417016891621315
246,2016-03-22,-3.05563,-64.8369,0.15200756278386782,0.24650698714786962,0.2844387375759628,0.23299340954480827,0.08405330294749143,OWT 7,0.014753575366201574,0.023925516247849134,0.027607102403588834,0.022613913180327693,0.008158059487982232
247,2016-04-10,-2.99583,-64.9447,0.16076976411153282,0.27923478273865054,0.2745086631184669,0.2228998227111497,0.06258696732020001,OWT 2,0.008409915681364222,0.01460685714825684,0.014359632381053648,0.01165995810686974,0.0032739434608489446
248,2016-03-25,-2.99583,-64.9447,0.1492833160262962,0.25252706918350476,0.2801111915013385,0.23829858468531598,0.07977983860354458,OWT 7,0.013727842695869838,0.02322196461384569,0.025758554114685497,0.02191353710706823,0.007336419794281794
249,2016-04-09,-2.99583,-64.9447,0.14470662361307748,0.2449327916683043,0.2968766642000041,0.23926084023969818,0.0742230802789158,OWT 7,0.010024045689407794,0.01696686325210755,0.020565093509588846,0.01657395863690159,0.00514154452192744
250,2016-03-25,-2.99583,-64.9447,0.14671920461674356,0.24474485678132252,0.2892448989984178,0.23815447820405786,0.08113656139945823,OWT 7,0.012966457116546351,0.021629572612801233,0.02556230855285567,0.02104714128469304,0.007170525131445846
251,2016-04-09,-2.99583,-64.9447,0.14524736072526054,0.2389159977020072,0.29068177136856016,0.23953972691458383,0.08561514328958825,OWT 7,0.01458537675815043,0.023991347055348892,0.0291895366013329,0.024053980383177152,0.008597258599718624
252,2016-03-25,-2.99583,-64.9447,0.1428163934128037,0.22868334967241216,0.2839519881166985,0.24533039125105602,0.09921787754702954,OWT 7,0.01705951667263429,0.02731638380766323,0.03391826078048959,0.029304884403249975,0.011851643888979435
253,2016-04-09,-2.99583,-64.9447,0.1454702653327429,0.24258821218138052,0.28759381482665347,0.24138113025211191,0.08296657740711136,OWT 7,0.012869155037920212,0.02146077967062993,0.025442239914015386,0.021353994105513256,0.007339711281721303
254,2016-04-13,-2.98476,-64.9254,0.14235120827145956,0.2366811682844175,0.29239209600483423,0.24185834078085627,0.08671718665843238,OWT 7,0.013523643870516907,0.022485175009070015,0.027777822365812395,0.02297701654626693,0.008238302744753762
255,2016-03-21,-3.05563,-64.8369,0.15222918611264544,0.2509946070848106,0.28003656169645536,0.234872439419295,0.08186720568679356,OWT 7,0.014404542282241185,0.02375012652102287,0.026498193917591683,0.022224581704357718,0.007746606652496545
256,2016-04-13,-2.98476,-64.9254,0.14033763500428081,0.239280733592339,0.2991723108776209,0.24212886394745253,0.07908045657830672,OWT 7,0.010614013235088704,0.01809727571063421,0.022626994299357255,0.018312685449322703,0.005981011527901275
257,2016-03-21,-3.05563,-64.8369,0.14705258178539254,0.24198060942191035,0.2809218702136089,0.24187159098801053,0.08817334759107762,OWT 7,0.014826329213168326,0.02439728792880484,0.028323475048158894,0.02438629632857805,0.008889929461560113
258,2016-04-13,-2.98476,-64.9254,0.14153123356790956,0.243931075408126,0.298851592778035,0.23974926775119768,0.07593683049473171,OWT 7,0.008832487439220401,0.015222916562399748,0.018650321012968984,0.014961944035898503,0.004738961744420222
259,2017-08-29,-3.13417,-64.7755,0.1423854786097409,0.23638874566414536,0.287293192728756,0.24393686219276173,0.0899957208045961,OWT 7,0.015617496425868599,0.025928208596636956,0.03151164328291813,0.02675612085327098,0.00987114600261697
260,2017-08-29,-3.12984,-64.7554,0.14523930282518752,0.23743548326275535,0.28501170372023377,0.24102649546072802,0.09128701473109531,OWT 7,0.017262055745752142,0.02821980323765707,0.03387435647313819,0.02864660405217,0.010849690865344663
261,2017-08-29,-3.11565,-64.7447,0.14164944376518562,0.22480024080609085,0.2788310908275795,0.24580318341172822,0.10891604118941592,OWT 7,0.016489119411796597,0.02616853208825168,0.03245815183008485,0.028613441290984344,0.01267869157332926
262,2017-08-27,-2.98784,-64.9325,0.1325917442135211,0.27318629539781364,0.2064594363037574,0.28634494125796717,0.10141758282694067,OWT 3,0.006917423562540368,0.014252360340812545,0.010771163603493616,0.014938858036910188,0.005291041167489432
263,2017-08-27,-2.98556,-64.9259,0.15393860745162827,0.28026632794235307,0.2125766614726805,0.261570015906045,0.09164838722729321,OWT 3,0.007319448060506007,0.013326058124355849,0.010107560788569388,0.012437088897349095,0.004357682723290215
264,2017-08-27,-2.98396,-64.9181,0.1438971338628235,0.2899217170254956,0.23454396301302377,0.26291187718870246,0.06872530890995474,OWT 3,0.006617220573557397,0.013332273542369997,0.010785684855495515,0.01209020524636835,0.003160386283138695
265,2017-08-28,-2.99443,-64.9068,0.1556819643432912,0.2720332451539018,0.2623671034155405,0.2389910597026061,0.07092662738466046,OWT 2,0.004738920504487568,0.008280624726185064,0.007986389761483595,0.007274828770251818,0.0021589890020025375
266,2017-08-30,-3.13134,-64.7786,0.13795588696391894,0.23284590192465762,0.26830076339949605,0.2583833243713154,0.10251412334061195,OWT 7,0.00757586455759291,0.012786761439423953,0.014733769532756314,0.01418915214462461,0.005629575734393786
267,2017-08-30,-3.11574,-64.7952,0.1721889179756634,0.2696958290067514,0.2259165439384054,0.2428846263340937,0.0893140827450861,OWT 3,0.003716792164094817,0.0058215322781865995,0.004876532416379583,0.005242797774391317,0.0019278934253897254
268,2017-08-30,-3.0685,-64.8223,0.1603721869778386,0.27871128576315995,0.22536834173938705,0.2596601811944752,0.07588800432513915,OWT 3,0.0034014651756873503,0.005911416128068637,0.004780021901396549,0.005507345634487889,0.0016095708914915662
269,2017-08-25,-2.96169,-64.8251,0.13326551583973884,0.24204331187068287,0.2865410587179873,0.2544325662650946,0.08371754730649641,OWT 7,0.007186359837660396,0.013052216279968092,0.0154517629203338,0.01372030839395223,0.004514479352590626
270,2017-08-25,-2.95914,-64.8258,0.13235744834043975,0.24941374254249268,0.27176541010537963,0.26510717694689057,0.08135622206479735,OWT 7,0.007161962134053902,0.013495967187335294,0.014705432908573794,0.014345150851472279,0.004402247014456333
271,2017-08-25,-2.96323,-64.8243,0.13412598406230739,0.24849515002226066,0.26948563794395763,0.2601057604274667,0.08778746754400751,OWT 7,0.006900387707583336,0.012784345185576609,0.013864244101835585,0.0133816769694046,0.004516407213378841
272,2017-08-26,-2.96751,-64.827,0.12928156822410883,0.22958711304020504,0.2819637162358081,0.26023970365656013,0.09892789884331799,OWT 7,0.009542376510955016,0.016946009433418046,0.020811968633347756,0.019208501795750642,0.007301947765393598
273,2017-08-26,-2.9675,-64.827,0.13815489625340366,0.2328862836742663,0.2693002780610442,0.25763732522226945,0.10202121678901646,OWT 7,0.010892103458551385,0.018360706458097474,0.02123157824734195,0.02031207345672538,0.008043331639836037
274,2017-08-26,-2.98985,-64.8198,0.1246013140407666,0.21890061627076066,0.2834630700949948,0.2615965186431741,0.11143848095030394,OWT 7,0.011367393787011439,0.019970331168057322,0.025860372072727837,0.023865483792212053,0.01016654684375176
275,2014-04-30,-21.173561000353,-50.1079939996004,0.2866667463002294,0.3856765563331643,0.15838344953554453,0.11173114382111902,0.057542104009942724,OWT 1,0.00667071164753743,0.008974661797079552,0.0036855698654611204,0.0025999745422150555,0.0013390000353962507
276,2014-04-30,-21.1416630013605,-50.1516089998271,0.2970446082710309,0.3818811131761373,0.15858736462190642,0.10529845012083412,0.05718846381009125,OWT 1,0.007698899378088947,0.009897719678699202,0.004110319220964741,0.002729159693783545,0.0014822293224714715
277,2014-04-29,-21.1228170015892,-50.176198000188,0.30714418646141306,0.39523255069960006,0.15422039639732096,0.0980668567427446,0.04533600969892121,OWT 1,0.00780802691550483,0.010047354075945699,0.003920494214339903,0.002492994139944443,0.0011525036109229319
278,2014-04-29,-21.1068960023839,-50.1826339996365,0.30943864452541814,0.4040370775374974,0.15400625915381244,0.09544422071064626,0.03707379807262575,OWT 1,0.0070373603890982106,0.009188750582688858,0.003502463467368269,0.00217062538917073,0.0008431451037082437
279,2014-04-29,-21.098850001351,-50.1870130000564,0.30665052068801185,0.41283616874441664,0.15395097367189256,0.09359939330070083,0.03296294359497803,OWT 1,0.006519814238640514,0.008777467995706134,0.0032732106501778256,0.0019900525712490008,0.0007008377762276652
280,2014-04-29,-21.110217997892,-50.1969440001623,0.30208002550234986,0.4132208820867636,0.15701302440745107,0.0947892723826315,0.03289679562080393,OWT 1,0.006620564390185345,0.009056393095422733,0.003441190249036134,0.002077457720895047,0.0007209856172254775
281,2014-04-28,-21.1958500006791,-50.104922000097,0.3164099127429026,0.4015941202664116,0.1535725228743155,0.0939672182342184,0.034456225882152004,OWT 1,0.004040477188304704,0.005128258681364999,0.0019610835515392454,0.0011999383914128832,0.00043999757613482715
282,2014-04-28,-21.1836080046108,-50.084287999582,0.28770051218300174,0.40547440617607144,0.16059226172872604,0.1093255102666184,0.03690730964558256,OWT 1,0.0061507582698822096,0.008668650041980709,0.0034333069983509407,0.0023372735115388685,0.000789042530022589
283,2014-04-28,-21.216361004477,-50.079759999706,0.30614102810956456,0.3911153199107,0.15514363300456402,0.10191678903980504,0.04568322993536654,OWT 1,0.005115671802949066,0.00653560754703058,0.0025924780930848723,0.0017030479291114335,0.0007633750127877483
284,2013-06-28,-21.3153,-50.1401,0.2367918439688616,0.36047309992774434,0.22675667221351378,0.1418050221528597,0.03417336173702067,OWT 1,0.004782771282594504,0.007280911207013323,0.00458007878067838,0.0028642075517160198,0.0006902407211585771
285,2013-06-28,-21.3094,-50.1408,0.23599117267532868,0.3638877552800806,0.22798597966311596,0.1383285464263258,0.03380654595514893,OWT 1,0.005152395017695275,0.007944760967330081,0.004977617647320667,0.0030201270044646084,0.0007380982812625582
286,2013-06-28,-21.301,-50.1407,0.21422819743623014,0.3608520602193958,0.245260184069625,0.1460782890721428,0.033581269202606207,OWT 1,0.006734315254530488,0.01134347188113555,0.007709813267698734,0.0045920063849068105,0.0010556353279540785
287,2013-06-28,-21.285,-50.1408,0.26557079596742666,0.3894485045975353,0.20173281444348112,0.11245290750170661,0.030794977489850175,OWT 1,0.009226872997103935,0.013530824719425287,0.007008914709306509,0.003907013540000037,0.0010699269293238597
288,2013-06-29,-21.2768,-50.137,0.2741118777841925,0.4092509903890494,0.18875350929644014,0.1052388469972431,0.02264477553307493,OWT 1,0.006955392081351367,0.01038445003130525,0.004789484769869579,0.0026703601791070743,0.0005745949197820988
289,2013-06-29,-21.2702,-50.1489,0.2761096120334549,0.41210480258512705,0.18573261464602228,0.10452015362331246,0.02153281711208321,OWT 1,0.0069844168735752376,0.010424525664496613,0.004698257326694391,0.002643922169963744,0.0005446900963195046
290,2013-06-29,-21.268,-50.144,0.3017020062415086,0.41286323747626674,0.17305939917122004,0.10035953616200786,0.012015820948996581,OWT 1,0.00641090544889461,0.008772985011793777,0.0036773618410780046,0.0021325529294443004,0.00025532575323082476
291,2013-06-29,-21.2615,-50.1397,0.2815801769553355,0.3945197339157866,0.1779080796970282,0.11143175777721238,0.034560251654637324,OWT 1,0.006713884577860966,0.009406769985868573,0.004241968754583895,0.0026569340502369085,0.0008240407513767164
292,2013-06-29,-21.2516,-50.1479,0.2908149534918887,0.39899954702876606,0.17223995229583655,0.10636615735495818,0.03157938982855062,OWT 1,0.006183075716347203,0.00848321030416308,0.0036620285636546246,0.002261472447292676,0.0006714158128440919
293,2013-06-29,-21.2445,-50.1421,0.2700617491342721,0.4121240157658016,0.16805639665502214,0.11100504129187434,0.03875279715302968,OWT 1,0.0042567827076588245,0.006496004670585707,0.002648948121997354,0.0017496899940438065,0.0006108315499075333
294,2013-06-29,-21.2351,-50.1372,0.2508772746398644,0.3508732861169544,0.18022273110808348,0.14801904699904384,0.07000766113605382,OWT 1,0.004170213313373009,0.005832399332192662,0.0029957565256488543,0.002460450040021733,0.0011637039701055786
295,2013-06-29,-21.2316,-50.1323,0.27008381380516294,0.39759689784768576,0.17124892555228896,0.12079702254413113,0.04027334025073132,OWT 1,0.003720566726069995,0.005477136032994185,0.0023590567879966167,0.0016640515266503168,0.0005547894469257604
296,2013-06-30,-21.2281,-50.1518,0.3100059570916486,0.40346706076340316,0.15985224431633938,0.10439621014813869,0.02227852768047002,OWT 1,0.003749373909438359,0.004879741296380519,0.0019333365069099673,0.0012626222742486129,0.00026944814612436634
297,2013-06-30,-21.2231,-50.143,0.2635018012338039,0.4171944000529721,0.1721072101149671,0.11898509416270878,0.02821149443554816,OWT 1,0.0030441164827492008,0.0048196571855122225,0.0019882763330565795,0.0013745806846336703,0.00032591456609451947
298,2013-06-30,-21.2207,-50.1357,0.27066351546903106,0.40377557432355254,0.16808714027705499,0.12375375319065551,0.03372001673970597,OWT 1,0.003179936543603926,0.0047438263039668496,0.001974800478559675,0.0014539421077760053,0.00039616537639257826
299,2013-06-30,-21.2102,-50.1457,0.2761064153372607,0.42566736008078015,0.16337268813639644,0.10686523561066341,0.027988300834899192,OWT 1,0.0029627757254124193,0.004567648020808335,0.0017530800000233385,0.001146723539802607,0.00030033006733251724
300,2013-06-30,-21.2063,-50.1368,0.2746419916294702,0.42041632075340596,0.16722713434372333,0.11001809028322809,0.027696462990172477,OWT 1,0.0029984845911219526,0.004590018635373176,0.0018257513447675197,0.0012011548070332482,0.0003023842676492603
301,2013-06-30,-21.1989,-50.1401,0.257218634902041,0.3859435666218742,0.17591252529580154,0.14986666627473874,0.031058606905544534,OWT 1,0.001899949632011067,0.002850778434694391,0.0012993807304403963,0.001106992568978741,0.0002294149052748024
302,2013-06-17,-18.4283,-45.3212,0.30933839448495787,0.4766743426787632,0.12259081817480286,0.07089787857065269,0.020498566090823296,OWT 1,0.00748911754209162,0.011540339787320221,0.002967937583114741,0.0017164456645758388,0.0004962726051323519
303,2013-06-17,-18.4976,-45.4311,0.29015618451324127,0.4704196999961656,0.13698236965264926,0.08074407643752261,0.021697669400421168,OWT 1,0.01707293825434472,0.027679735674548026,0.008060112669791392,0.004751022742232829,0.00127670196159362
304,2013-06-17,-18.4876,-45.3258,0.2575297991132169,0.4983156682726999,0.13647226159257075,0.08747559025056512,0.020206680770947363,OWT 1,0.0054412567208609215,0.010528736823605797,0.0028834745072557895,0.0018482410385172998,0.0004269398645508658
305,2013-06-21,-18.2353,-45.3278,0.3239865800594474,0.4559490154196482,0.12987789824470627,0.07194907838112229,0.01823742789507588,OWT 1,0.009521842136690896,0.013400167829201223,0.0038170619409741676,0.0021145559982754265,0.0005359910566799779
306,2013-06-18,-18.5448,-45.2371,0.21343544921393717,0.5093763433786227,0.1499155042662379,0.1038014518169528,0.023471251324249494,OWT 1,0.007290230847764279,0.01739856778851204,0.005120605025008648,0.0035455054390714233,0.0008016983170783348
307,2013-06-18,-18.5448,-45.2151,0.24809580948287752,0.49144041480981265,0.14127354120397395,0.09277057684650387,0.026419657656831907,OWT 1,0.006339690015619843,0.012557970638584555,0.003610018486442451,0.0023706031190247273,0.0006751119263651697
308,2013-06-18,-18.5954,-45.2976,0.22224901539787667,0.4934577306388107,0.15342315413741903,0.10689744929921262,0.023972650526681,OWT 1,0.007525857005640197,0.016709600771310715,0.005195256848834355,0.003619790694025424,0.0008117684552482837
309,2013-06-18,-18.6445,-45.3307,0.2617899386443275,0.43253211549323417,0.18141805986252907,0.10182789511077295,0.022431990889136433,OWT 1,0.014139715068303057,0.023361787327028743,0.009798694663302682,0.005499895948360114,0.001211589571507897
310,2013-06-18,-18.6064,-45.2248,0.2604468789849312,0.49233182210607945,0.13732908604562352,0.08771210380986945,0.02218010905349657,OWT 1,0.005767915924841485,0.010903292710204373,0.0030413212300090856,0.0019424922361828973,0.000491205748838271
311,2013-06-19,-18.6681,-45.1506,0.2051240459136825,0.5007354705843035,0.16299113111555172,0.10824985135838287,0.022899501028079392,OWT 1,0.008343828639133426,0.020368411423833825,0.006629988510947058,0.004403278055104721,0.0009314827603408204
312,2013-06-19,-18.6811,-45.2228,0.2647641928166643,0.4875476050665249,0.13637631989555155,0.08834243590098537,0.022969446320273812,OWT 1,0.005494432153105795,0.01011767191382322,0.002830104890638362,0.00183329745285523,0.00047666590809936256
313,2013-06-19,-18.7665,-45.2622,0.2749492952264121,0.47470253793825096,0.14471608799818958,0.0846961594600661,0.02093591937708122,OWT 1,0.007485831598170259,0.01292435849054839,0.003940072890197282,0.0023059567627104964,0.0005700060685030793
314,2013-06-19,-18.7437,-45.1908,0.27941819460229084,0.4793064801126111,0.13665792626085732,0.08546122621461857,0.01915617280962228,OWT 1,0.005539343804840987,0.009502041858838082,0.002709183767696172,0.0016942315251155101,0.00037976276859307494
315,2013-06-21,-18.2393,-45.2611,0.34381816939442805,0.44927446815949756,0.11590426744169002,0.06821184348201752,0.022791251522366954,OWT 1,0.005973647909464003,0.007805891969652341,0.0020137716576191767,0.0011851425331439835,0.00039598521582048194
316,2013-06-19,-18.8155,-45.1823,0.2956405189784374,0.47162996459705114,0.13624815399757695,0.07948134836967856,0.017000014057256027,OWT 1,0.007152667190837445,0.011410520403785363,0.0032963604051233397,0.0019229557393950624,0.0004112949172571949
317,2013-06-20,-18.8867,-45.1935,0.2771981270786629,0.44874618162471924,0.16051356381724716,0.09253070174782686,0.021011425731543916,OWT 1,0.011964623564186668,0.019369103231647294,0.006928201096663339,0.003993876243718659,0.0009069101659314179
318,2013-06-20,-18.8882,-45.1382,0.26646135870223586,0.42937758782066804,0.15564745937117433,0.10759431892278913,0.04091927518313273,OWT 1,0.009524612018679443,0.015348022517885657,0.0055635896680247925,0.0038459390440127917,0.0014626519286064393
319,2013-06-20,-18.9355,-45.2076,0.2909006444561331,0.4536049101832974,0.1515380178792367,0.08388848783545189,0.02006793964588094,OWT 1,0.013433671732145009,0.020947287589836983,0.006997963139392652,0.0038739357549186794,0.0009267291725918318
320,2013-06-20,-18.9474,-45.281,0.21323920335114235,0.3729456055605913,0.2332232553194249,0.1441417051753352,0.03645023059350638,OWT 1,0.020727469114548747,0.03625139467405736,0.022669976934154585,0.014010991858848295,0.0035430681458744812
321,2013-06-20,-18.9868,-45.1172,0.1559404213052945,0.3024025697981992,0.2885418633740685,0.19862348892359896,0.05449165659883886,OWT 2,0.016388697753207192,0.03178126796588026,0.03032456465361787,0.02087451283899949,0.005726849283814314
322,2013-06-21,-18.2868,-45.297,0.3239229419448096,0.4231887027283635,0.12429983565893757,0.08237614125690514,0.04621237841098424,OWT 1,0.007124540494497663,0.009307846586290462,0.0027339193923547147,0.0018118264505799524,0.001016420631892765
323,2016-06-09,-25.5008,-48.4282,0.24406436613126653,0.3593587036781101,0.1945609545388846,0.14251085447348055,0.05950512117825817,OWT 1,0.004967910453643144,0.00731471737930786,0.003960272510263387,0.002900796928772647,0.001211221933921226
324,2016-06-09,-25.4935,-48.4396,0.2507142707979505,0.34138198472598597,0.19929747162645192,0.14461613926275202,0.06399013358685943,OWT 1,0.008693565553222848,0.011837485969422292,0.006910678154305901,0.005014592439167275,0.0022188701876694173
325,2016-06-13,-25.6005,-48.2978,0.29756499618859783,0.38679584603363165,0.1485643954067108,0.1146656241113185,0.052409138259741195,OWT 1,0.004670593011508959,0.00607116427840984,0.0023318731565652663,0.0017997965805601666,0.0008226160940650775
326,2016-06-13,-25.4951,-48.5055,0.2602633075953248,0.3581525142681491,0.1921401386300964,0.13577818517152812,0.05366585433490152,OWT 1,0.006700131892485861,0.009220159020468582,0.004946391723661046,0.0034954283689736226,0.0013815558769653988
327,2016-06-13,-25.4968,-48.4139,0.26333795434450047,0.37872048288088295,0.17709825246603658,0.12791135932711856,0.05293195098146138,OWT 1,0.003318789652872334,0.004772929990454818,0.002231929876151288,0.00161203840470458,0.0006670896022599421
328,2016-06-13,-25.5206,-48.3794,0.26648153673032143,0.3862820712688712,0.1730652927011407,0.12463352512417386,0.049537574175492836,OWT 1,0.0029058655835951463,0.004212238454613877,0.0018872019575750308,0.0013590745372614355,0.0005401857616763628
329,2016-06-16,-25.4877,-48.5947,0.2424680528853853,0.4048713790449662,0.18557675715877697,0.12046193192897882,0.046621878981892774,OWT 1,0.0038335477059318872,0.006401229885196399,0.0029340663366344407,0.0019045666317811824,0.0007371164781933291
330,2016-06-16,-25.4919,-48.5688,0.25687888603816394,0.41282307045455735,0.17560461284446877,0.11489895525061958,0.039794475412190375,OWT 1,0.002888568818309278,0.004642140376677616,0.0019746504542940326,0.0012920234298429032,0.0004474835693563022
332,2016-06-16,-25.4964,-48.4358,0.277686505524562,0.40636445858636583,0.15859131928849013,0.10602711612938748,0.051330600471194476,OWT 1,0.0018785850510566803,0.00274910801206926,0.0010728907444743014,0.0007172871256061089,0.00034725813746256957
333,2016-06-16,-25.4987,-48.4219,0.2811245257563315,0.4020111862166355,0.16270294028812468,0.10931687725440788,0.044844470484500444,OWT 1,0.0023953937641984723,0.003425439619722227,0.0013863522136120581,0.0009314625445516145,0.00038210883475340283
334,2016-06-30,-25.5046,-48.3833,0.24630077118456206,0.41876315963710997,0.20352586919088478,0.12669012969235127,0.004720070295091849,OWT 1,0.004281946432935314,0.007280210325891323,0.003538303454758296,0.002202511775806726,8.205856630520894e-05
336,2018-08-08,-23.4928,-45.5617,0.22191427126483565,0.42470117383730543,0.21387309264473808,0.14686113018157734,-0.007349667928456544,OWT 1,0.003241807332108161,0.006204194851703014,0.003124338763453945,0.0021454027535531927,-0.00010736671978430847
337,2018-08-08,-23.4919,-45.5452,0.2296643038756938,0.4041804060453904,0.22824232608264772,0.1355641708608118,0.002348793135456272,OWT 1,0.003790026532368464,0.006669971941327928,0.0037665603973481934,0.0022371426283080507,3.876087033204081e-05
338,2018-08-08,-23.4466,-45.5733,0.2072434726838167,0.3828708279041206,0.2324753462037213,0.14542074083218728,0.031989612376154226,OWT 1,0.004605161138432322,0.008507779930871373,0.0051658390786296525,0.0032313970410259483,0.000710841783533204
339,2018-08-08,-23.4016,-45.5326,0.18851366973251826,0.3774767583257943,0.24751081284050086,0.1530491585797986,0.033449600521388054,OWT 1,0.0027828189910184555,0.0055722722560522285,0.003653728620488191,0.002259295602592528,0.0004937794893334605
340,2018-08-08,-23.4313,-45.576,0.19214671951660206,0.3766056638939145,0.24416607828414585,0.15058892244052172,0.036492615864815836,OWT 1,0.006504643075275208,0.012749035892571214,0.008265627403494897,0.005097808560199025,0.0012353655669007813
342,2005-10-24,-21.8043,-48.9725,0.08577471632037156,0.22725620563775106,0.09819122865972486,0.3014074376910472,0.28737041169110517,OWT 5,0.011066836582750634,0.029321079661928862,0.012668841449477245,0.03888822954883034,0.037077142558242585
343,2005-10-24,-21.7575,-48.9759,0.12465587291311701,0.3955916973360903,0.1643889240095941,0.23283503930139024,0.08252846643980835,OWT 4,0.0032773172473261392,0.01040046860433294,0.004321935608292852,0.006121446765818689,0.00216974908712945
344,2005-10-25,-21.8062,-48.9734,0.07670390907745989,0.2931515647672028,0.13271037516379178,0.3290072709395239,0.1684268800520216,OWT 5,0.004760677605119086,0.018194641004325933,0.008236755057310021,0.020420048541481824,0.010453522976958177
345,2005-10-25,-21.8026,-48.9714,0.10186125390310673,0.20246177436949278,0.12098111434721678,0.2750446368853809,0.29965122049480286,OWT 5,0.016575068008486998,0.032944986937677403,0.01968629013692615,0.04475581624079886,0.04875984899274843
346,2005-10-25,-21.8017,-48.971,0.08266864140022961,0.18086821834904296,0.09536314219427156,0.2605507689338141,0.3805492291226418,OWT 5,0.015518809203789582,0.03395313294189876,0.01790185956512702,0.0489113840810416,0.07143786058865945
347,2005-10-25,-21.7861,-48.9683,0.07231930780273438,0.1534266596381177,0.08967666805615393,0.25573828089006384,0.4288390836129303,OWT 5,0.018081484914729894,0.038360182308867896,0.022421222906108616,0.06394043317789898,0.10721960229963115
348,2005-10-25,-21.7825,-48.9587,0.10091797783564274,0.20623861399471194,0.12271955751363756,0.2892978560501536,0.2808259946058541,OWT 5,0.01577424207341399,0.03223665289187919,0.01918199362372351,0.045219439692766546,0.043895223769093876
349,2005-10-25,-21.7736,-48.9564,0.07041323467622543,0.26474912988711063,0.1360569182169445,0.32940094294707606,0.19937977427264333,OWT 5,0.007212250135413794,0.027117586014319364,0.013935967170749268,0.03373970825654496,0.02042196769696432
350,2005-10-25,-21.758,-48.9688,0.08211644661946593,0.28911926555980483,0.14717221356222474,0.3196941264990465,0.16189794775945804,OWT 5,0.00717917266710268,0.02527675288311509,0.012866785844487067,0.027949813092023785,0.01415420867881531
351,2005-10-25,-21.7572,-48.9842,0.1186854608800979,0.22334074238169715,0.1400470494184003,0.2853429056003029,0.23258384171950178,OWT 5,0.023671037008729686,0.044543846729594085,0.0279314657849742,0.05690977166501322,0.04638732228993736
352,2005-10-25,-21.757,-48.9732,0.07457912637834277,0.15470476485363027,0.09150270673088717,0.25509863842404906,0.42411476361309075,OWT 5,0.021244271340719656,0.04406849693545288,0.0260650456045803,0.07266623995883091,0.12081140602389942
353,2005-10-25,-21.777,-48.9586,0.08712565117835767,0.30020111867680216,0.15019977293590875,0.30857398266583896,0.15389947454309244,OWT 5,0.007106268438438131,0.024485438053939053,0.012250811229978597,0.025168357702744015,0.012552571646195712
354,2005-10-25,-21.7782,-48.9589,0.06298077914206118,0.13305539495190455,0.07585360794360795,0.20611644167425736,0.5219937762881689,OWT 5,0.026684759752951735,0.05637515598397026,0.03213893717961275,0.08733089368114225,0.22116713547424613
355,2005-10-25,-21.829,-48.9762,0.0925529794029033,0.3381103238761263,0.14915366885915105,0.29595178208578976,0.12423124577602966,OWT 4,0.004506715155197988,0.016463726295705174,0.007262792664671713,0.014410885420853798,0.006049236250415037
356,2005-10-25,-21.829,-48.9598,0.1309562777061667,0.41306047559396275,0.16846048944010042,0.23911867094750738,0.048404086312262715,OWT 4,0.004065795406608671,0.01282427550430019,0.005230187480568225,0.0074239098041113975,0.0015028001347981202
357,2005-10-25,-21.8528,-48.9381,0.08797125122162072,0.36495883674418356,0.13667165614691545,0.308485623038079,0.10191263284920125,OWT 4,0.004213712673574239,0.01748107085401923,0.006546401030193602,0.014776074698952665,0.004881487379918683
358,2005-10-26,-21.8535,-48.9239,0.07689906900077946,0.18139050841308482,0.08870352667628076,0.2669048454041334,0.3861020505057216,OWT 5,0.014852654626194508,0.03503463187443882,0.017132624139245108,0.051551280637809144,0.07457359992965408
359,2005-10-26,-21.8578,-48.9067,0.063553722193845,0.16335297554465855,0.06516319376414456,0.24095625454181374,0.4669738539555382,OWT 5,0.01651919188196935,0.04245949811220026,0.016937533542859953,0.06263051897725608,0.12137811022029092
360,2005-10-26,-21.877,-48.9016,0.11313289810129763,0.3277937531481243,0.0985597029818734,0.31674012962113257,0.14377351614757217,OWT 5,0.006642511799670167,0.019246160132793514,0.00578685776654361,0.018597155060534058,0.008441552311646857
361,2005-10-26,-21.8894,-48.8918,0.07510950535043735,0.19786988762681246,0.08118129814521564,0.2846516561947841,0.3611876526827504,OWT 5,0.010250448932342364,0.027003974648797936,0.011079087087796237,0.03884737692942775,0.04929250394531569
362,2005-10-26,-21.9203,-48.8765,0.19547772057645574,0.3544707711502015,0.22636901567043713,0.17684160514757846,0.04684088745532715,OWT 1,0.005692393891016285,0.01032233876213037,0.006591961468129421,0.005149702328485385,0.0013640264517827644
363,2005-10-26,-21.9074,-48.901,0.0978280056814528,0.34118066270616976,0.11290516047694678,0.3301809716613877,0.11790519947404289,OWT 4,0.004599682528771104,0.016041651084190953,0.005308581018659866,0.015524467008239212,0.005543673126057058
364,2005-10-26,-21.927,-48.9048,0.07998885032717297,0.20437078429678043,0.08588684592746189,0.2840941630902877,0.34565935635829703,OWT 5,0.010266283000603187,0.02623025959323263,0.011023269652132905,0.03646247027148002,0.044364142748218975
365,2005-10-26,-21.9312,-48.8873,0.09907960189463454,0.3311576664374065,0.13605067295474366,0.3041482056906359,0.12956385302257928,OWT 4,0.004333561188622127,0.014484232709311401,0.005950608447433892,0.013302888127988891,0.005666886767511293
366,2005-10-26,-21.939,-48.8691,0.1102255524719371,0.37395906139902846,0.14590097510860253,0.2827177816976035,0.08719662932282851,OWT 4,0.002940591736049662,0.009976461001189716,0.003892338863941501,0.007542330737747263,0.002326227284398287
367,2005-10-26,-21.9707,-48.8578,0.11116057547638887,0.3367453451648163,0.1524004802874253,0.2923204931918058,0.10737310587956361,OWT 4,0.004936246624310542,0.014953665597702719,0.006767564427748922,0.012980915594857983,0.0047680585420531
368,2005-10-26,-21.9803,-48.8705,0.09424775599060323,0.3048070154545002,0.14358184834992335,0.295061195438554,0.1623021847664192,OWT 5,0.004382445092058062,0.01417328184489213,0.006676440834012891,0.013720109027692929,0.007546921468674663
369,2005-10-26,-22.001,-48.8837,0.10554532328530906,0.30495790384587024,0.16886779996764772,0.2787435515624715,0.14188542133870155,OWT 4,0.004207162730626906,0.012155986523460028,0.00673127233223166,0.011111051110868509,0.005655722471585517
370,2005-10-26,-22.0232,-48.8751,0.1246234091326966,0.3651221248794109,0.1886783883993638,0.24185311473952037,0.07972296284900833,OWT 4,0.0022639347008702308,0.006632884257642246,0.003427570741117858,0.004393553849817574,0.00144826388000571
371,2005-10-26,-22.0266,-48.8577,0.12777612144974398,0.3525071303397783,0.20108418989625307,0.23733811123030948,0.08129444708391516,OWT 4,0.0056592908216474905,0.015612779169242816,0.008906154744303096,0.010511865435210647,0.0036005860329221197
372,2005-10-26,-21.931,-48.8921,0.051003289802995504,0.14583750511622473,0.0617820474494046,0.1895942200747403,0.5517829375566349,OWT 5,0.01497515155344557,0.04281956614421356,0.018139918570167626,0.05566704011139685,0.16200980655233538
373,2005-10-27,-22.0362,-48.8531,0.12167638280060931,0.33686640381719724,0.19006263464951595,0.25043978571685666,0.10095479301582082,OWT 4,0.0025949353003579885,0.0071841922207891,0.004053376905025833,0.005341012163681014,0.0021530156477973118
374,2005-10-27,-22.0599,-48.8528,0.13385286528307147,0.3580333340609896,0.1941157305276475,0.22851845049036001,0.08547961963793144,OWT 4,0.0031311063327773454,0.008375169535989983,0.004540784329580478,0.005345537923104322,0.001999552103764904
375,2005-10-27,-22.0838,-48.857,0.16425016238155304,0.36236713036813334,0.20478393573219053,0.20031471752642513,0.06828405399169794,OWT 4,0.0029370373810794393,0.006479663655329355,0.003661841580971021,0.0035819253072565302,0.0012210205225817645
376,2005-10-27,-22.1054,-48.8578,0.15864832496155118,0.36428227643284045,0.22047969977240345,0.19520503359654306,0.061384665236661876,OWT 4,0.0022074119481419324,0.005068575729930178,0.0030677255730137704,0.002716057188771994,0.0008540981665513279
377,2005-10-27,-22.1249,-48.8552,0.1751038498482015,0.4038247806109542,0.21832024799043967,0.18020989382112468,0.022541227729279842,OWT 4,0.002040907766629324,0.004706744779288155,0.002544612754787498,0.0021004208202265113,0.00026272732885044577
378,2005-10-27,-22.1277,-48.8374,0.17755083451123863,0.40268500494098963,0.22736342453213554,0.17196341901385215,0.020437317001783976,OWT 4,0.0020552249904233874,0.004661246947679658,0.0026318265036209035,0.001990548324759049,0.00023657047152100247
379,2005-10-27,-22.1088,-48.8212,0.1876138709795794,0.37752776264010657,0.21538451006222445,0.17826080401633237,0.041213052301757196,OWT 4,0.002769791552512217,0.0055735388984816565,0.0031797765985931013,0.0026317098332362347,0.0006084388298297835
380,2005-10-27,-22.1049,-48.8068,0.16669745717491044,0.37959171776495043,0.20269639138741358,0.19721878752754085,0.05379564614518474,OWT 4,0.0034562108685732796,0.0078702401511922,0.00420259242586217,0.004089022883080443,0.0011153685247509214
381,2005-10-27,-21.922,-48.9037,0.05374663364754558,0.18079272932779278,0.07051799973474572,0.2740233338843587,0.4209193034055573,OWT 5,0.007723101826126402,0.025978941624107018,0.010133056817988572,0.03937567744617582,0.060483837222273455
382,2005-10-27,-21.8813,-48.9007,0.07863763708788575,0.2699209660100527,0.11045926925868496,0.33367551041457416,0.20730661722880253,OWT 5,0.00588168822329646,0.020188691138161144,0.008261781599905491,0.02495720106409675,0.015505461943157902
383,2005-10-27,-21.8536,-48.9239,0.1238660347118795,0.38905125489245157,0.1593830676219609,0.2685003838663962,0.05919925890731178,OWT 4,0.004449170210733609,0.013974414033212082,0.005724914002522434,0.009644321885718192,0.002126390659397264
384,2005-10-27,-21.8373,-48.96,0.12662649678758806,0.40932628667563137,0.17191216000876117,0.23562825851886215,0.05650679800915726,OWT 4,0.0037139592694885315,0.012005553302121308,0.00504218924474674,0.006910984486505567,0.0016573462235733001
385,2005-10-27,-21.8338,-48.9218,0.17328412697566475,0.41180354766275673,0.19890117249892905,0.1814664233658375,0.03454472949681192,OWT 1,0.0031726401414546627,0.007539666145484751,0.00364165982808755,0.003322448911766252,0.0006324756767402584
386,2005-10-28,-21.8248,-48.9766,0.09396709227770227,0.3190786279191211,0.13410236719765975,0.31757433739312474,0.13527757521239211,OWT 5,0.005599867461890909,0.019015146504571336,0.007991685859698758,0.01892549993399466,0.00806172111313838
387,2005-10-28,-21.7788,-48.9589,0.10830271377684453,0.2452856373381156,0.11266143401636547,0.30636954501363006,0.2273806698550444,OWT 5,0.013492363128893325,0.03055770971803173,0.014035372940910123,0.03816754916663514,0.02832710704273409
388,2005-10-28,-21.7787,-48.9591,0.07148436987779307,0.1853094352289798,0.07954477307570382,0.2854128634974861,0.37824855832003734,OWT 5,0.009193187110461798,0.023831563659390088,0.010229788466965857,0.03670528064177836,0.04864433689271096
389,2005-10-28,-21.7545,-48.984,0.1028457858527729,0.21884770294707462,0.12048367843930657,0.290872321436091,0.26695051132475484,OWT 5,0.0178425208022109,0.03796747392196596,0.02090248541595694,0.05046288871223497,0.04631273913635377
390,2005-10-28,-21.786,-48.9691,0.05466561148084449,0.13168599134822556,0.05509344066650075,0.1909587384182141,0.5675962180862152,OWT 5,0.010549215959521976,0.02541239225071069,0.010631777232523665,0.03685068027890807,0.10953312183286525
391,2005-10-28,-21.786,-48.9691,0.07292073054448002,0.18800214151293376,0.07924730350228283,0.29282872245912317,0.36700110198118013,OWT 5,0.009189052731706794,0.02369095289003416,0.009986291213633125,0.03690059811446728,0.04624737648016956
